,rating
m1,4.110199046889409
m10,3.4819553132236907
m100,2.8965195052920123
m1000,2.5227186878451526
m1002,3.675434627389188
m1003,2.787973413382256
m1004,2.4365994410849323
m1005,2.190534833157347
m1006,2.8789522314401093
m1007,2.858707604653204
m1008,3.1431233626636477
m1009,3.066602328218993
m101,3.756583837147407
m1010,3.1453563778783726
m1011,2.5560814543970465
m1012,3.5963997705886523
m1013,3.4402851124904203
m1014,3.2138977576611336
m1015,3.2113662689856786
m1016,3.0721916996399927
m1017,3.4843153061115855
m1018,3.0653947892169864
m1019,3.6315858299242367
m102,1.5834224125146665
m1020,3.1442127408463594
m1021,2.629553996319667
m1022,3.676511933856682
m1023,3.847621089880092
m1024,3.076078044042069
m1025,3.507368020546542
m1026,2.8551135853424294
m1027,3.054554308774936
m1028,3.831956064856342
m1029,3.609252692929837
m103,2.8483423136701482
m1030,2.9630590326146007
m1031,3.3754244521208374
m1032,3.6139282510713016
m1033,3.33872359875169
m1034,3.4782342678147145
m1035,3.857275809729773
m1036,4.080517612348465
m1037,2.5762079874653594
m1038,2.763067544856091
m1039,3.1332320359605212
m104,3.4401763434203065
m1040,2.2160144061839784
m1041,3.9576548827882787
m1042,3.399074589152816
m1043,2.651976535833084
m1044,2.9633291428520354
m1046,3.834556187961381
m1047,3.3857171096962637
m1049,3.2316245190672093
m105,3.1221716752922553
m1050,3.652445659873585
m1051,3.2287955801709587
m1053,2.565727060760657
m1054,3.065122674274517
m1055,2.2564827009314343
m1056,3.316804932879865
m1057,3.44584487071862
m1058,2.650840295494633
m1059,3.296431273930422
m106,2.7680438953414477
m1060,3.8742270030105344
m1061,3.454951036354772
m1062,1.8070480878251611
m1063,2.6807623856516543
m1064,2.750768484892336
m1066,4.032162064866522
m1067,3.2863551321833766
m1068,3.3813411672681912
m1069,3.751409347296543
m107,3.0131257850682993
m1070,
m1071,2.5061188922992175
m1073,3.806442614050208
m1076,3.6384598719087795
m1077,3.915058213368627
m1078,3.745528673256521
m1079,3.921591308503247
m108,1.7779036837217779
m1080,3.958242558826139
m1081,3.523158909421929
m1082,3.5803853078425463
m1083,3.3886542760267306
m1084,4.034822339502385
m1085,3.61297769572645
m1086,4.001133296207768
m1087,2.9768079726363035
m1088,3.2241539334206433
m1089,4.081096300759549
m1090,4.039952610949478
m1091,2.6859933844651445
m1092,3.4732695433528966
m1093,3.337332433709145
m1094,3.6753001102972065
m1095,3.7996107373676136
m1096,3.872334926151847
m1097,3.9262040442887933
m1098,1.9705934055078822
m1099,3.8627074343900882
m11,3.741118166813901
m110,4.198112171190261
m1100,2.707998210451212
m1101,3.6226759470663534
m1102,0.7997720809111726
m1103,3.839771051155481
m1104,4.150147841973264
m1105,1.4522204555001281
m1107,1.0760641171002145
m111,4.134640994055754
m1111,3.923630807764593
m1112,3.1089775516048173
m1113,2.696363685148402
m1114,2.483880716839443
m1115,
m1116,3.010428519889288
m1117,3.7270877960873383
m1118,
m1119,2.8924724273365876
m112,3.366001086790537
m1120,3.5056287886504105
m1121,2.626560747093524
m1123,3.358532315047306
m1124,3.6466793768766883
m1125,3.688120245140473
m1126,2.244915673255566
m1127,3.639106562670743
m1128,2.763773684477596
m1129,3.401368491963683
m113,2.744396134463979
m1130,3.1315075035283817
m1131,4.21394105315971
m1132,4.148450849917341
m1133,0.6140961756503223
m1134,
m1135,3.1003367927332177
m1136,4.292390373598073
m1138,2.8531692738911545
m1139,
m114,2.559079985682554
m1142,
m1144,3.4259014198914857
m1145,1.8070480878251611
m1147,4.227856599594959
m1148,4.461194337030551
m1149,2.0300270115949592
m1150,3.7966407913699634
m1151,3.029084292081494
m1152,3.1172909036787617
m1153,2.8441166004152936
m1154,3.3012842117797643
m116,3.7677142231048153
m1160,1.1958009840945385
m1161,3.7548757099042214
m1162,3.7257576852341128
m1163,2.3375483288754455
m1164,2.288141184551109
m1165,
m1167,2.692609354116152
m1168,1.5816230213720541
m1169,3.3812557405747095
m117,3.460391517112617
m1170,1.3233704442220309
m1171,3.6432585280658496
m1172,4.221408081539285
m1173,3.178480336674669
m1174,2.9411868110157644
m1175,3.9018046850901227
m1176,3.766422901508053
m1177,3.8429450286346456
m1178,4.369774047562752
m1179,3.7280706618737915
m118,2.808369792995117
m1180,3.550031293641274
m1181,2.3152865359496353
m1183,3.5358386395030417
m1184,3.637548395904066
m1185,3.874585576375946
m1186,3.5348730046704775
m1187,3.5168867313788157
m1188,3.875945920724599
m1189,4.152670885108626
m119,1.8357074615664746
m1190,3.342906191648586
m1191,2.922414397592581
m1192,3.8392077751036746
m1193,4.35347750591991
m1194,3.3317410145099267
m1196,4.262714106574658
m1197,4.269113226967715
m1198,4.449364874219637
m1199,4.029043440894732
m12,2.176329615264061
m120,2.1332320359605212
m1200,4.083369235363519
m1201,4.072876662133836
m1202,3.359975254523686
m1203,4.231325922045481
m1204,4.346024171563678
m1205,3.214583982343708
m1206,4.016172594466332
m1207,4.3749195789397834
m1208,4.190905113582557
m1209,3.8754459446541674
m121,3.8428831068455382
m1210,3.9890476302514424
m1211,3.9819889898352057
m1212,4.384382723941535
m1213,4.233201017558329
m1214,4.1198060077503955
m1215,3.7373219781358227
m1216,3.4258089030090004
m1217,4.181034327645953
m1218,4.080717824816321
m1219,4.169461768830549
m122,2.6315353499433956
m1220,3.8885446594859214
m1221,4.316175757918193
m1222,4.063140333829449
m1223,4.2925351345265765
m1224,4.212332508333852
m1225,4.208411553201198
m1226,3.93502424133389
m1227,3.747919459977088
m1228,4.122393658553465
m123,3.678983703037814
m1230,4.089729113899024
m1231,4.021030013939331
m1232,3.2931832470585154
m1233,4.251665689644572
m1234,4.274371847626337
m1235,4.097269391352184
m1236,4.017705833218848
m1237,4.12009208924215
m1238,3.895832894505941
m124,2.6144634261847965
m1240,4.115573691011961
m1241,3.0164322266208363
m1242,4.147742038064609
m1243,3.868156035249248
m1244,4.018847577834754
m1245,3.912678640861698
m1246,3.9447245050293334
m1247,4.199839251272839
m1248,4.13959206939892
m1249,3.9408406757390475
m125,3.726906652926041
m1250,4.338775097047531
m1251,3.9826414478447703
m1252,4.292645701462366
m1253,4.070342969882838
m1254,4.215361586051116
m1255,3.093000434219814
m1256,4.13690058230271
m1257,3.8406530988706833
m1258,4.048775382572804
m1259,4.05997188622505
m126,1.7794568513027038
m1260,4.2095303739772785
m1261,3.732929815957287
m1262,4.325020054337017
m1263,4.040139740653117
m1264,3.945752883174512
m1265,3.9148799632039024
m1266,4.033095810448878
m1267,4.27790783808375
m1268,3.3824959914612913
m1269,4.104924197353382
m127,
m1270,3.9569623774864664
m1271,3.7278075621360593
m1272,4.204381885019136
m1273,3.8169731755297414
m1274,3.8422579305519395
m1275,3.7745688022823103
m1276,4.20344291532678
m1277,3.7881435293262338
m1278,4.201121804567515
m1279,3.607205498554826
m128,3.9116162293727794
m1280,4.080574234607028
m1281,3.9019281699754913
m1282,3.8350204949342963
m1283,4.092873636541896
m1284,4.246951375634448
m1285,3.748814863657844
m1286,3.4670207101645043
m1287,4.044833218030433
m1288,4.12333493309101
m1289,3.8161491608113587
m129,2.861229292206998
m1290,3.4823138039267563
m1291,4.093580250070057
m1292,3.9346454127047883
m1293,4.07788204952864
m1294,4.071277936494269
m1295,3.4393505353725717
m1296,3.913753537121409
m1297,3.620198860745352
m1298,3.528825118059393
m1299,4.190416567536263
m13,3.0557703365925777
m130,2.6140961756503223
m1300,4.050237198915436
m1301,3.8766188628768794
m1302,3.843266927995999
m1303,4.037228264884883
m1304,4.173795343123776
m1305,3.6236295400783263
m1306,3.4114477387218662
m1307,4.029743510723498
m131,2.6218910752368063
m1310,3.215209365013761
m1311,
m1312,2.8285555128215853
m1313,1.4516513414253494
m1315,1.799898702627188
m1316,
m1317,2.8902355450673483
m132,2.2870823442531507
m1320,2.968473212475094
m1321,3.6708426943568866
m1322,1.415776946074183
m1323,1.1580753804999084
m1324,1.3394008409827511
m1325,1.3197514529514853
m1326,1.832990093581686
m1327,2.8264219540837616
m1328,1.3608058405345367
m1329,2.2311191145466545
m133,
m1330,2.801514107257716
m1331,2.8728917178490914
m1332,2.7137387105038018
m1333,3.816099364563738
m1334,3.019291374486592
m1335,1.337640718237731
m1336,1.969863630852621
m1337,3.3179834769713983
m1339,3.261794016001347
m134,
m1340,3.7716614019444825
m1341,2.575320177786712
m1342,2.7744458859380696
m1343,3.6097350347762918
m1344,3.836967162526333
m1345,3.5236128606715535
m1346,3.0352744912058918
m1347,3.3759336847626504
m1348,3.852331829116982
m1349,2.1979459100954886
m135,2.6231369180158723
m1350,3.520915078913149
m1351,3.081248269100511
m1352,2.6623508930223854
m1353,2.920056979890925
m1354,3.680736923036706
m1355,2.6788737449222157
m1356,3.657717996779904
m1357,3.7292378055561506
m1358,4.158982923310309
m1359,2.336941469354969
m136,2.2854517595595034
m1360,1.4211442634754836
m1361,4.061496981215694
m1362,3.837055506864418
m1363,2.813861822956448
m1364,2.8070480878251614
m1365,3.592844749819918
m1366,2.9828583773816923
m1367,2.93398721348941
m1369,2.9411868110157644
m137,2.3969341586030604
m1370,3.4868140462906023
m1371,3.060037121538922
m1372,3.3449445379799436
m1373,2.657593043223563
m1374,3.8309700846522525
m1375,3.2954675993291396
m1376,3.5973290332140846
m1377,2.9176536158210578
m1378,3.33410662432859
m1379,2.7986336570820876
m138,0.4211442634754836
m1380,3.5014331058093213
m1381,1.843967313124111
m1382,2.5931631396086248
m1383,1.0833130949125445
m1384,3.2834815016423864
m1385,3.1748063761969685
m1386,
m1387,4.044594842382741
m1388,2.492153976740409
m1389,1.720911247522811
m139,
m1390,3.0353656939845255
m1391,2.829497383913049
m1392,3.6286050630958386
m1393,3.7105429170313404
m1394,3.9698282533464706
m1395,3.216099157253877
m1396,3.67657609265487
m1397,3.393651425366282
m1398,2.9382806298853117
m1399,3.018469410252732
m14,3.404528894032572
m140,2.980975484915598
m1401,3.3627686966307824
m1404,2.9268115617389836
m1405,2.933016535771758
m1406,3.011345529317843
m1407,3.507493998732194
m1408,3.7527584234389746
m1409,2.952099774458135
m141,3.478248707922877
m1410,2.6378487019795935
m1411,3.8652874962579995
m1412,3.56336513072696
m1413,3.0979285638455805
m1414,3.456964208714857
m1415,3.2074201088290817
m1416,3.109262314156481
m1417,2.4273411957980118
m1419,3.808812743048077
m142,
m1420,2.8120824362717047
m1421,2.3499043792745153
m1422,2.919863022651067
m1423,3.8883231451841382
m1425,3.144693289086103
m1426,2.0729248402396867
m1427,1.9949793158218263
m1428,2.935212953109064
m1429,3.1930295955681935
m1430,
m1431,2.412381624958022
m1432,2.572334935648001
m1433,0.7778078462300728
m1434,
m1436,2.170272091077945
m1437,2.7013662387947983
m1438,2.6987271190056763
m1439,2.022119924450087
m144,3.305864619725553
m1440,2.5834815785135326
m1441,3.366867431489734
m1442,2.9027899237259263
m1444,2.8927258797797517
m1445,1.9988386594422805
m1446,3.934912671538849
m1447,3.1362226324894107
m1449,4.067367854221538
m145,3.1890176710906437
m1450,3.2195091833814096
m1453,2.254598950309366
m1454,2.920787940371347
m1455,2.375668506961565
m1456,2.0613024972245606
m1457,3.0007718456714922
m1458,2.376202885831606
m1459,3.2683617598282186
m146,2.256052967289673
m1460,2.4320145189654108
m1461,2.4326797649413283
m1463,2.688516755752714
m1464,3.153497507542453
m1465,3.3292955523900503
m1466,3.738567993947995
m1468,2.3545442607670375
m147,3.388704573153082
m1470,
m1471,2.3481729513081024
m1472,3.0226537994676574
m1473,2.5159752997401457
m1474,2.153244547349346
m1475,2.9035034935046222
m1476,3.401580525473179
m1477,3.042452256680484
m1479,3.106036431162134
m148,2.332389662459728
m1480,3.158769382156619
m1482,3.1269693606562132
m1483,2.5418215941909352
m1484,3.5228147724732786
m1485,3.430826459763618
m1486,2.409658504608812
m1487,2.9045695195219943
m1488,2.7472391164992214
m1489,2.181630718622145
m149,3.544532332792268
m1490,1.4702442515754939
m1493,2.5878244091467044
m1494,2.0776828251568773
m1495,1.1315963887324314
m1496,2.7499223228037084
m1497,1.7328701809112241
m1498,2.968447114675694
m1499,2.098644653932328
m15,2.261490662393071
m150,4.0291382113206184
m1500,3.762244490994646
m1501,2.1207841595056136
m1502,2.421078976704224
m1503,2.146580632355581
m1504,3.0756553497214356
m1507,3.0482005295700936
m1508,2.989788795200882
m1509,3.3618468776917263
m151,3.510120932285951
m1510,1.8070480878251611
m1511,3.2196405321864363
m1513,2.973606382193772
m1514,2.195835985223577
m1515,2.4100753781802693
m1516,3.3933394695173855
m1517,3.649039812957185
m1518,3.325281307620425
m1519,2.578942843949219
m152,2.7275461721271075
m1520,1.9824443372404414
m1522,1.7592557064036267
m1523,2.3537949153028
m1525,1.7770784141803198
m1526,2.2594869607237777
m1527,3.582968169581891
m1528,0.6140961756503223
m1529,2.8091979960598463
m153,2.5686482986872665
m1531,3.180510117598033
m1532,2.070268618760948
m1533,3.608804126622415
m1534,2.668701853495327
m1535,3.27206994861402
m1537,4.053815872196461
m1538,0.9122761772825523
m1539,2.1602139387559207
m154,3.5894365822704764
m1541,2.98233412630283
m1542,3.431199861220558
m1543,2.339158913915038
m1544,2.9767288645416143
m1545,3.842807228397209
m1546,3.4645445611702055
m1547,3.0149564720162747
m1548,1.8070480878251611
m1549,2.177744371318215
m155,3.194094664859567
m1550,2.4719667488055532
m1551,2.4763237961536833
m1552,3.20107264950817
m1553,1.4769660491643068
m1554,3.288542771287108
m1555,1.6140961756503223
m1556,1.781149078463049
m1558,0.8070480878251611
m156,3.315259719663231
m1561,2.8256553497214356
m1562,2.1690976679720295
m1563,3.2764574945020133
m1564,3.5112415748738672
m1565,2.4351868616052577
m1566,3.181989462927929
m1567,2.68310090034058
m1569,3.361604880437993
m157,2.561476265630201
m1570,2.773065833102306
m1571,3.6945498514991546
m1572,3.352984274707622
m1573,3.3420681117607787
m1574,2.2575226222662237
m1575,2.4611072484392604
m1579,
m158,2.8575286071160937
m1580,3.7037116082739954
m1581,2.5624116068757883
m1582,2.896635965695686
m1583,2.4029181298128415
m1584,3.7153130760681354
m1585,2.6688601310611793
m1586,2.9611538656421037
m1587,3.3342750867826876
m1588,2.955443381453477
m1589,3.2789629410873626
m159,3.121005997850977
m1590,2.422447854899416
m1591,2.5220409715577508
m1592,2.2725067699736865
m1593,2.7344481461750494
m1594,3.6613131857702625
m1595,1.5157475878669173
m1596,3.1448323289650895
m1597,3.339950689082945
m1598,2.5380091605891804
m1599,1.405214288101327
m16,3.725378226327886
m160,2.1556292402361374
m1600,2.6457826596069633
m1601,2.476080926914457
m1602,1.7862726689857469
m1603,2.8248439001615586
m1604,2.4840432000541464
m1605,2.445726371953712
m1606,2.130958961185327
m1608,3.5320695607742536
m1609,2.4684195939456264
m161,3.6627668107988747
m1610,4.012290543393359
m1611,3.2108022073184674
m1612,3.085293168005602
m1613,2.5151499266264183
m1614,3.184934628613338
m1615,3.4986070564165157
m1616,3.000903393323543
m1617,4.184822248596834
m1619,3.329133828505968
m162,3.971148419673982
m1620,3.2425343152787733
m1621,3.101931417401659
m1622,1.9705934055078822
m1623,2.026360350906199
m1624,2.4212613662038907
m1625,3.8546432293219506
m1626,2.269133268406321
m1627,2.9341103028139797
m1629,2.8477976166299825
m163,3.3736894812036318
m1630,
m1631,3.339375979126184
m1632,2.0233981814028636
m1633,3.5549922838119716
m1635,3.7115499508506278
m1636,1.5061188922992172
m1639,3.714609454659494
m164,3.479973637541811
m1640,2.2922313656999225
m1641,3.8185866832871516
m1642,2.8204604732788163
m1643,3.7754491603804445
m1644,2.5286272908673992
m1645,3.3641340490241287
m1646,2.5813286128161477
m1647,2.6834147673679323
m1648,3.3235711045314917
m1649,3.6973912168387812
m165,3.492556093874309
m1650,3.070635053866932
m1651,2.3444851097131014
m1652,2.1820893823013234
m1653,3.651728925771742
m1654,3.0394229651246927
m1655,2.1654482270272037
m1656,2.722156565465909
m1657,3.0728357529205295
m1658,2.9808431069852226
m1659,1.7779036837217779
m166,2.139083252474027
m1660,3.441261964585027
m1661,3.0153991741554065
m1662,2.090894722316106
m1663,3.7744276150728475
m1664,3.5440705922755544
m1665,2.5272396389553933
m1666,2.0926759014333083
m1667,2.590772540354677
m1668,2.2299226945805977
m1669,3.0588664774644743
m167,2.898781967538735
m1670,3.262779425204638
m1671,2.7520353626889724
m1672,3.481470265077094
m1673,3.708266788308357
m1674,3.9479655472014836
m1675,2.6225641218455302
m1676,3.0641525376881904
m1677,2.4267500813838048
m1678,3.7436536782916385
m1679,1.5670358741693224
m168,2.8340138057749056
m1680,3.706180111505128
m1681,1.9942637028723829
m1682,3.8070934124372906
m1683,3.6464730438527555
m1684,3.481428364141971
m1685,2.8888738566195684
m1686,2.983166060484273
m1687,2.971500908742611
m1688,3.3923674077516823
m1689,3.0149884177231034
m169,1.829314470300207
m1690,2.88307835785008
m1692,1.9706491007531364
m1693,3.6178921687201755
m1694,3.6325395585675455
m1695,3.3699790764058646
m1696,3.1581565991421505
m1699,3.326762940804776
m17,3.9662293848066077
m170,3.023978375884756
m1701,3.294972821334966
m1702,2.4321463967702446
m1703,2.646197549771514
m1704,4.134923969006338
m1707,1.6936654559155697
m1709,
m171,3.358306855854136
m1711,3.171397432954174
m1713,2.9065924295841463
m1714,
m1715,2.3257518918641678
m1717,2.8734574795345296
m1718,1.90211284926077
m1719,3.9540100673470713
m172,2.4753470119638847
m1720,0.951056424630385
m1721,3.525265578487142
m1722,3.3823297254272173
m1724,
m1725,3.2247572187672686
m1726,2.5586586290962834
m1727,3.087326251188602
m1728,2.8572128214117813
m1729,3.622966665506724
m173,2.223365454879079
m1730,3.597925825347229
m1731,1.613344693365661
m1732,3.6730258849355844
m1733,2.9215330542569995
m1734,3.6776976219565345
m1735,3.083613912427591
m1739,1.1377108284007411
m174,2.055688141908364
m1741,3.2160144061839784
m1743,3.1342889132489944
m1744,2.4380643824581707
m1746,2.492413096894501
m1747,3.4251080489086503
m1748,3.7553223436179834
m1749,2.767930607170234
m175,3.3201907907244372
m1750,1.8861103403815225
m1752,2.5172896298340417
m1753,3.0323143286089067
m1754,3.28356682024448
m1755,3.155384451037362
m1756,2.235326834261677
m1758,3.4632883538774317
m1759,3.7961637346397263
m176,3.8001378085544992
m1760,1.7274468296294743
m1762,2.595356182359245
m1764,
m1767,2.630699101818822
m1769,3.0246511451878226
m177,2.5450820522022495
m1770,3.135671701080285
m1771,2.312997679540385
m1772,2.2812737465370487
m1773,0.4211442634754836
m1777,3.4259819493316774
m1779,2.5744922725543296
m178,3.135671701080285
m1780,3.317071856197821
m1782,2.0100090038649867
m1783,2.78901594636249
m1784,3.900831100760274
m1785,3.2534230192303584
m1787,1.4211442634754836
m1788,3.751915608812061
m179,1.956900534973335
m1791,2.7062575609015544
m1792,3.082668938221911
m1793,1.6603567360718587
m1794,3.276325017024239
m1795,3.8070480878251614
m1796,0.8717307295564607
m1797,3.877963204055756
m1798,2.2339934190634505
m1799,3.2689270797898566
m18,3.1791240991019944
m180,3.445040115742145
m1801,2.9357040380932378
m1804,2.8641490560574554
m1805,3.364847368657152
m1806,2.7190029566403107
m1807,3.045041044143913
m1809,3.3712384999022875
m181,1.4315312277300045
m1810,3.471868049730799
m1811,3.1975448447446295
m1812,3.1182051809507163
m1814,2.918176990829594
m1815,
m1816,2.74270587606688
m1817,2.4835041397461985
m182,2.8435300522218294
m1820,
m1821,3.067277337735583
m1822,1.5814056041776865
m1824,3.1694286447997193
m1825,2.2756950771556306
m1826,1.282068550349681
m1827,3.8177073434398348
m1829,2.7098604091269474
m183,3.143206353417701
m1830,
m1831,2.5000527874370637
m1832,
m1833,2.8843090737472843
m1834,3.8563093683656313
m1835,3.179440365238466
m1836,3.1201901205903733
m1837,2.394160090609741
m1839,2.0210100197840934
m184,2.948086024387034
m1840,3.254097720046591
m1841,2.7666400029620126
m1842,
m1843,
m1844,3.633393202940373
m1845,3.6332059233528704
m1846,2.6978081910308735
m1848,2.8856360306757183
m1849,1.90211284926077
m185,2.787970981433057
m1850,2.248914864511435
m1851,
m1852,
m1853,1.510857473758937
m1854,2.7793364206724505
m1855,2.1850525937246617
m1856,2.803438056698504
m1857,2.684648933121828
m1858,3.1129977067690877
m1859,3.115981049871057
m186,2.632276312652135
m1860,3.4715077857738397
m1861,2.799898702627188
m1862,1.9164154927601245
m1863,2.046895362783425
m1864,2.1587234986806565
m1865,3.290489756486347
m1866,2.9153485821384786
m1867,2.0817997050857127
m1868,0.6140961756503223
m1869,2.0136206351765495
m187,3.034428949692924
m1870,3.2961387440780503
m1871,3.307048087825161
m1872,2.4258762527681488
m1873,3.6355470756089594
m1874,2.9708130456345727
m1875,3.2496535300907192
m1876,3.0986925948757587
m1877,1.404346824279273
m1878,1.4365499706322167
m1879,3.492955483847534
m188,3.0610059111880936
m1880,3.021728267073038
m1881,2.5253583554337977
m1882,2.227053020828708
m1883,3.3531623055920523
m1884,3.204360960579642
m1885,3.6156411846293945
m1886,1.300587086932402
m1887,2.182196609381256
m1888,2.8829546225876883
m1889,3.6611653254333048
m189,2.918133997595735
m1890,1.6508968349782225
m1891,1.2396129329062358
m1892,3.284735649730837
m1893,3.3465054103749954
m1894,2.8207812237446603
m1895,3.1181213111015977
m1896,2.861556260348884
m1897,3.3075646994051944
m1898,3.174037430898424
m1899,2.3777489723678262
m19,2.363733406909062
m190,3.53462680004262
m1900,3.9061667323522693
m1901,3.0398176647289383
m1902,2.6535372020893124
m1903,2.7369352854276148
m1904,3.2872753187340304
m1905,0.8070480878251611
m1906,2.8862597075807224
m1907,3.656547663503951
m1908,
m1909,3.4372800338988085
m191,2.231955429155963
m1910,3.5446710270754163
m1911,2.846430202331022
m1912,3.7363529005171396
m1913,3.678840933907735
m1914,3.71264177586748
m1915,
m1916,3.3840343651349998
m1917,3.1211274546369525
m1918,3.057396196994307
m1919,2.9868997396361867
m192,1.6140961756503223
m1920,2.699837827094245
m1921,3.7070049214983634
m1922,3.144331418822087
m1923,3.8464059057402467
m1924,2.454055493145605
m1925,3.592062530883754
m1926,2.7959141451300233
m1927,4.092717450086201
m1928,3.086054001122121
m1929,3.617227355676719
m193,1.9066180796229961
m1930,1.8912769405202579
m1931,3.932257274276763
m1932,2.928226181014849
m1933,2.91473893751102
m1934,3.8046566012596736
m1935,3.873783507154899
m1936,3.6886633429828204
m1937,3.472837332330971
m1938,3.767943912201001
m1939,4.008575665658956
m194,3.6272731690280478
m1940,3.7248115862029585
m1941,3.6047412661826956
m1942,3.888277246702885
m1943,3.0292628876827825
m1944,4.008065623133048
m1945,4.198073523905944
m1946,3.8605309032293644
m1947,3.988258114271612
m1948,3.724297152346524
m1949,4.128844202078543
m195,2.7031835550067713
m1950,4.0466930743476475
m1951,3.5555386089321797
m1952,4.044012960368542
m1953,4.04349455275434
m1954,3.887156531492083
m1955,3.714728280824159
m1956,3.9093296970657687
m1957,3.7156342374366305
m1958,3.514405616761558
m1959,3.570058991766778
m196,2.7402234734583195
m1960,3.9055595981613047
m1961,4.009390170769953
m1962,3.8076928884291523
m1963,3.9494869602034104
m1964,3.7119350753700497
m1965,3.6082384967320653
m1966,3.506036691928451
m1967,3.552713833127211
m1968,3.8342865229605168
m1969,2.1862522781357647
m197,2.5570558946804147
m1970,2.5058321372937735
m1971,2.108550444900752
m1972,1.8540068469224853
m1973,2.028873898782984
m1974,2.916356844290322
m1975,2.255419114556045
m1976,1.8325186439047998
m1977,1.9983451416824092
m1978,1.857242301336965
m1979,1.9514605429180318
m198,3.2120100632743336
m1980,1.9103172397289079
m1981,1.618448325918762
m1982,3.614423209930582
m1983,2.5910976211260346
m1984,1.8583539761580816
m1985,2.1921373693235564
m1986,1.9200942968691146
m1987,2.1207290107342516
m1988,1.8195565847738817
m1989,1.1033040895762578
m199,3.6055283214081473
m1990,1.175971048802229
m1991,2.5571715190358075
m1992,1.9244601793978116
m1993,1.6821458603754846
m1994,3.618781831565049
m1995,2.280851028283805
m1996,1.6453425958407006
m1997,3.88331059249988
m1998,1.5964480154861715
m1999,2.5331125434021677
m2,3.1284120597297855
m20,2.3979519966027065
m200,1.8296613010098033
m2000,3.8448113026590023
m2001,3.4883282704106744
m2002,3.1863694018793307
m2003,3.2006347316126282
m2004,2.396227189333036
m2005,3.416512273404275
m2006,3.50410283373329
m2007,2.463248363040648
m2008,2.0150500469509223
m2009,3.4266097486521216
m201,2.271997523812119
m2010,3.989417618655389
m2011,3.2875809373906537
m2012,3.182804668998757
m2013,3.3831119793138393
m2014,3.033195378595807
m2015,3.358348552013476
m2016,2.4567653891706267
m2017,2.8327290355451087
m2018,3.657593695832744
m2019,4.502397561561164
m202,2.110738893493724
m2020,3.9070266139151775
m2021,3.273648983016755
m2022,3.382418207281354
m2023,3.2709217181080295
m2024,3.15001649422636
m2025,3.216644773063791
m2026,2.522314350004977
m2027,2.264823677085742
m2028,4.305176437681013
m2029,3.470003739710498
m203,2.8936690337163524
m2031,2.6797755776624315
m2032,2.589884127932994
m2033,3.010189207740681
m2034,2.6551910164297334
m2035,2.827255196706039
m2036,2.0061789984627745
m2037,3.3034275674566493
m2038,2.756825203736205
m2039,
m204,2.7751589916382255
m2040,2.775756252474689
m2041,2.476800486242724
m2042,2.479160193709817
m2043,3.118563470708072
m2044,2.2915222623502878
m2045,3.213809522515457
m2046,3.387532915578964
m2047,2.7907099128450046
m2048,3.3317774824316024
m2049,2.98058499000316
m205,3.376401534990644
m2050,2.3220659093607927
m2051,2.3323903558598427
m2052,2.6965374334594383
m2053,2.1547459155696105
m2054,2.876457137972
m2055,2.57004000225748
m2056,2.961037401641792
m2057,3.159894061041756
m2058,3.5491641218704513
m2059,3.150639325550337
m206,3.4438392045289223
m2060,2.8201881250453043
m2061,2.90211284926077
m2062,2.9571942477414583
m2063,1.3508692547783758
m2064,4.006285670367869
m2065,3.5174275659478895
m2066,3.9880772410669705
m2067,3.9863144322482236
m2068,3.711450925607852
m2069,3.623914910308963
m207,2.9877905015823445
m2070,3.788239079054447
m2071,3.8057628522037206
m2072,2.786366622774478
m2073,3.4170282274782817
m2074,3.1842299594247137
m2075,3.527647571390419
m2076,3.681568459067196
m2077,3.3597250898860054
m2078,3.74681511483449
m2079,3.312203706897503
m208,2.5446241014604483
m2080,3.744296641241432
m2081,3.6946749179742464
m2082,2.77943518453499
m2083,3.482026896986225
m2084,2.875737419506798
m2085,3.5155512825206103
m2086,3.186687651414882
m2087,3.5860549764083287
m2088,2.496575048300604
m2089,3.07127141002787
m209,2.192569562091951
m2090,3.3504182646948837
m2091,2.673836086538104
m2092,2.2769376110990267
m2093,2.713583170690578
m2094,3.0381738272226277
m2095,2.7992068468668716
m2096,3.6309162816892178
m2097,3.3664590259217766
m2098,2.8928377192903687
m2099,3.463005705264708
m21,3.574154658266937
m210,2.8630369118198824
m2100,3.381441921085109
m2101,2.92418928893289
m2102,3.2314384313207767
m2103,2.777903687618242
m2104,3.130799974111442
m2105,3.2906245202278943
m2106,3.139925466007718
m2107,2.5300334091860734
m2108,3.645034707039991
m2109,3.660845049956986
m211,3.3116683453831666
m2110,3.16592357590012
m2111,3.1175238519527655
m2112,3.3836123539431413
m2113,1.9111334192561928
m2114,3.579497287267342
m2115,3.6177020664170474
m2116,3.2267490594100425
m2117,3.6061557365263273
m2118,3.610552689722627
m2119,2.0936666643009687
m212,1.4251921605074456
m2120,2.815848090100356
m2121,2.5986218442706606
m2122,2.2969189392166527
m2123,2.7308092259302983
m2124,3.098070455403117
m2125,3.6224674176160967
m2126,2.656042297834835
m2127,2.4043468242792727
m2128,2.8946200800578663
m2129,2.91917984386302
m213,3.876207216781693
m2130,3.7339413160313866
m2131,3.290871895914453
m2132,3.965163117528676
m2133,3.1910754962633887
m2134,3.3421400425716024
m2135,3.079445149892557
m2136,3.0129929199632124
m2137,3.741694081548079
m2138,3.740521382300806
m2139,3.7528927970836934
m214,3.942881889912319
m2140,3.579438709243442
m2141,3.3320526385607705
m2142,2.6901298487880063
m2143,3.1602729694462495
m2144,3.6448432883338637
m2145,3.2993018385008943
m2146,3.010465061827769
m2147,2.423598886566963
m2148,2.7190568937951443
m2149,2.0376152263549145
m215,3.649858341882532
m2150,3.650630040766783
m2151,2.978056695125438
m2152,1.8247741531176025
m2153,1.8761280893281653
m2154,2.6023382671988546
m2155,3.1977137797444297
m2156,2.9759811188914913
m2157,2.7337624522706094
m2158,1.9588790333998807
m2159,3.3237552425159613
m216,3.053254852180746
m2160,3.741173511904893
m2161,3.5275955857024566
m2162,2.242718554030153
m2163,2.446696782276759
m2164,1.5412581322082222
m2165,3.165237328875922
m2166,3.354169743673105
m2167,3.401840193584507
m2168,2.849182593060396
m2169,2.46996582487653
m217,2.359784593575897
m2170,2.332966469683507
m2171,3.5452458146589367
m2172,2.8256553497214356
m2173,3.359659246213597
m2174,3.5188243288710517
m2175,3.3649931192582656
m2176,3.7783302292462535
m2177,3.0248862026269596
m2178,3.499115784649186
m2179,2.8562041435226138
m218,2.9861340592707317
m2180,3.0867904941555895
m2181,3.4025659187635178
m2182,3.4029217083600165
m2183,3.8056468749890646
m2184,3.444690068212617
m2185,3.1550433917278755
m2186,4.23429456865694
m2187,3.2205735921096865
m2188,2.6386150684358185
m2189,3.36152535498393
m219,2.7907099128450046
m2190,2.5672123872145245
m2191,2.2596752176951775
m2192,2.116804629402016
m2193,3.426943315724962
m2194,3.9617464439096035
m2195,2.815353054336759
m2196,2.0695847964795084
m2197,3.523850302392284
m2198,2.6140961756503223
m22,3.2508391994584485
m220,1.4923069844094496
m2200,2.1535240439125807
m2201,3.049390983769367
m2202,3.819754908058151
m2203,4.161367207578372
m2204,3.6425084163716814
m2205,3.14786341424967
m2206,3.879207267148478
m2207,2.2326163846623643
m2208,4.066873797558158
m2209,2.5640341762568917
m2210,3.4821538643409156
m2211,2.954410500195329
m2212,3.672767371856813
m2213,
m2214,
m2215,3.0100090038649867
m2217,
m2218,
m2219,2.767930607170234
m222,3.4545300428818315
m2221,2.276161694546558
m2223,2.799898702627188
m2226,
m2227,3.0367106075506114
m223,3.8941183881882284
m2231,3.519198944295443
m2232,3.3250549894658543
m2233,1.1705934055078824
m2234,1.3340645869352237
m2235,
m2236,3.4649612288878893
m2237,3.35253758021779
m2238,3.563228909142756
m2239,3.513168765433993
m224,3.2959364506558257
m2240,3.393263461767136
m2241,2.6043220065201864
m2242,1.7339128365189171
m2243,3.6878119995393273
m2244,1.0238515031084119
m2245,3.3384457311114204
m2246,2.252991687040642
m2247,2.999090425453728
m2248,3.9623435983428577
m2249,3.0640692209358953
m225,3.0597218083483266
m2250,2.8889384968305354
m2251,2.8070480878251614
m2252,2.875956664441697
m2253,2.4498757659200114
m2254,
m2255,2.390123712313124
m2256,1.9305058712520158
m2257,2.413582640665535
m2258,1.6140961756503223
m2259,2.5775428181403908
m226,
m2260,2.4710632989492707
m2261,3.175421552042183
m2262,3.0542312100867295
m2263,2.9492326348936357
m2264,2.3871267359031414
m2265,1.7591832625756916
m2266,2.73928996577896
m2267,2.7344161693414857
m2268,3.8799377997195856
m2269,2.61749353485816
m227,2.505008765487383
m2271,3.093695291901606
m2272,3.2823165690777865
m2273,3.495871708798294
m2275,3.0413482065188777
m2276,3.5079887537787897
m2277,
m2278,3.460217811354659
m2279,2.5727696542357013
m228,1.6383150694988424
m2280,3.274676925044662
m2281,2.9281711510047366
m2282,3.4028039433310235
m2283,2.6720919692129512
m2284,3.5056231533431332
m2285,3.6612561585880905
m2286,2.186935015436402
m2287,3.3182531292860453
m2288,3.7132356408739673
m2289,3.9074834594962655
m229,3.308800908248374
m2290,3.103221348423665
m2291,3.5432100148430026
m2292,2.0509158340728972
m2293,2.8845163444466766
m2294,3.4116146538929066
m2295,3.6137589749399277
m2296,2.188501088315518
m2297,2.9860911680207782
m2298,1.4590164942661445
m2299,3.3256553497214356
m23,2.6829317728377284
m230,3.356025068075808
m2300,4.077420814362628
m2301,3.482581222681856
m2302,3.7320501669407617
m2303,3.8084866192666875
m2304,2.7937539778353657
m2305,2.9951950737818875
m2306,2.2459086935112467
m2307,2.2785724514233876
m2308,
m2309,3.8070480878251614
m231,3.09169415948922
m2310,3.6440186752667887
m2311,3.331532079155796
m2312,3.7366012355796583
m2313,3.9376272601365674
m2314,2.87204561076946
m2315,2.161583530831225
m2316,2.8528110271200036
m2317,1.9374830886970145
m2318,3.7767092110731078
m232,3.9903552525976824
m2320,2.970351061561339
m2321,3.6437278801009776
m2322,2.807773756307933
m2323,3.5981757918508044
m2324,4.276528155145397
m2325,2.902784861827131
m2326,2.346678671819982
m2327,2.657214849922989
m2328,2.6741648477899664
m2329,4.1605848924308315
m233,3.468365588850379
m2330,3.976643784633487
m2331,3.0794196674665293
m2332,2.2854517595595034
m2333,3.7356882272793137
m2334,3.0315509951900173
m2335,2.809739700741786
m2336,3.97296513052376
m2337,2.9984462205082
m2338,2.07054470337268
m2339,2.6024925456990147
m234,2.04680827798433
m2340,3.1405337565279057
m2341,2.9884526584312376
m2342,3.0105204781033423
m2343,
m2344,3.2860038496758333
m2345,3.1222445704067265
m2346,3.1977780364603925
m2347,3.5791502819820185
m2348,3.44924255430936
m2349,3.4823740799193916
m235,3.631710406343073
m2350,2.3621799842305085
m2351,4.011988451511785
m2352,3.810400324624236
m2353,3.6314766053957466
m2354,2.5805435260547354
m2355,3.8126259868767627
m2356,2.6866701124462407
m2357,4.189118255478642
m2358,3.307048087825161
m2359,3.809740526677735
m236,3.198350490185206
m2360,4.141078481657932
m2361,3.0393869668341935
m2362,2.477789706609508
m2363,3.1833814030225227
m2364,2.5752115441554855
m2365,2.56625482252002
m2366,3.583651807584155
m2367,2.6422669592529386
m2368,1.4748301309202103
m2369,2.8852987485082133
m237,2.8496007015496834
m2370,3.3709952361918396
m2371,3.5130857509280644
m2372,2.8252478606993536
m2373,2.330779830122461
m2374,2.819077823346461
m2375,2.7960041882868545
m2376,3.1686515683130843
m2377,2.785973538349841
m2378,2.895024043206057
m2379,2.2518972461456075
m238,2.367127597072675
m2380,1.889258439411761
m2381,1.76448160747267
m2382,1.6061923642880225
m2383,1.509161778008674
m2384,3.184513733492835
m2385,2.417829308753818
m2386,1.6883001316030661
m2387,2.604271235927837
m2388,2.886227034835641
m2389,2.5091078331335233
m239,2.6956342242310303
m2390,3.5882998492090223
m2391,3.684241438683513
m2392,2.0870339381573775
m2393,3.278352969641633
m2394,3.491300000373465
m2395,3.780934036086144
m2396,4.089625265589682
m2397,2.9986430720504176
m2398,3.8662065409622786
m2399,2.522293496958998
m24,3.0957995425275135
m240,2.387383395614781
m2400,2.568028304255544
m2401,3.6783303510258962
m2402,2.7227041084655155
m2403,3.470707231755283
m2404,2.2204163178917224
m2405,3.0921100311894825
m2406,3.6429977263514064
m2407,3.4830804508178175
m2408,2.4145584270891325
m2409,3.0856693742895884
m241,2.9150629259107785
m2410,2.77234887710533
m2411,2.528250062862627
m2412,1.9696847493578804
m2413,3.14242972759159
m2414,3.3008991706811437
m2415,2.3041639741563507
m2416,3.0430653165341894
m2417,2.718437862046352
m2418,2.8968638927510884
m2419,2.980756549300589
m242,3.2728005217807987
m2420,3.33934612119353
m2421,2.590735900179452
m2422,2.013434680094051
m2423,3.4952266328387127
m2424,3.3104414327989446
m2425,3.4025902075489585
m2426,2.4550162288257065
m2427,3.314502355105517
m2428,2.6877976180996863
m2429,2.682642906236131
m243,1.5152865359496355
m2430,2.9356300948076486
m2431,3.028036678977502
m2432,2.9820170317661954
m2433,3.2917739313135717
m2434,3.4168153774088186
m2435,2.850479570721918
m2436,3.4017762301639074
m2437,3.4817254905145774
m2438,
m2439,3.475726841472865
m244,1.385159579454085
m2440,3.0643300038282253
m2441,2.661835434688639
m2442,3.69244181290855
m2443,3.409642708302868
m2444,3.2160144061839784
m2445,2.569518531465087
m2446,2.2585651271683482
m2447,2.9293684750713678
m2448,2.195059152987807
m2449,1.244171422200862
m245,2.4365499706322167
m2450,1.997217760491048
m2451,2.442379899790855
m2452,1.157152382944223
m2453,3.111355938504559
m2454,3.264652435777964
m2455,3.381410233426273
m2456,2.196850929429362
m2457,3.2743780914583396
m2458,2.3047382943601566
m2459,3.0568397723880527
m246,4.12724324882871
m2460,2.130246037928203
m2461,1.8259037097283528
m2462,1.5264259389549102
m2463,3.37628581519287
m2464,2.1427258797797517
m2465,1.7178860806861007
m2466,2.95628477562562
m2467,3.802048739409628
m2468,2.6528450020723593
m2469,3.195313043557699
m247,3.780088698822908
m2470,3.36930818878786
m2471,2.5346802715299726
m2472,2.8356246623517247
m2473,2.280605543376816
m2474,3.3745071314581963
m2475,3.149608614705424
m2476,3.245465808130408
m2477,1.9884731235626516
m2478,3.025508392348547
m2479,1.9748196448910198
m248,2.745623040974249
m2480,3.8070480878251614
m2481,3.312272077403152
m2482,2.9270816219065026
m2483,2.2648206547367016
m2484,
m2485,2.955381805021344
m2486,1.3671396076000955
m2487,1.6508968349782225
m2488,3.6446087831534077
m249,3.6442913121696052
m2490,3.440425278654338
m2491,2.526142748064281
m2492,2.6653038869435193
m2493,3.7762578237329776
m2494,3.6595168162306297
m2495,3.367541742176008
m2496,3.2653882915853796
m2497,2.6554281657032783
m2498,2.139916848155821
m2499,3.239476316344884
m25,3.5825921696038026
m250,2.1806511616372117
m2500,2.394490703832572
m2501,4.069131631769149
m2502,3.756186895619887
m2503,4.358688039033405
m2504,2.722431784000469
m2505,2.7318935137716127
m2506,3.1689940188558876
m2507,2.6095947531634365
m2509,2.3545016403895414
m251,2.847555898191518
m2510,3.1332320359605212
m2511,3.6723738126753998
m2512,3.3552550666290584
m2513,2.833501865013171
m2514,1.8557833346594665
m2515,1.5255018671966942
m2516,1.5306351954169262
m2517,2.9456332956123226
m2518,3.368381091525532
m2519,3.0064902143964267
m252,3.179077163986915
m2520,2.9857399847299386
m2521,2.4052621264305776
m2522,2.1438023402096613
m2523,2.025758119935473
m2524,2.9020832511561543
m2525,2.0685005924045523
m2526,2.202235308163099
m2527,3.3444601345775924
m2528,3.3954300428165918
m2529,3.6537468306429863
m253,3.4498361253074985
m2530,2.8368873218048107
m2531,2.716933734913568
m2532,2.731477761747426
m2533,2.945230102510571
m2534,2.160562150886577
m2535,2.6797465714527213
m2536,1.6137633296236684
m2537,1.6594629246912027
m2538,2.288141184551109
m2539,3.3211520892683257
m254,2.8222818616683276
m2540,2.875713223524248
m2541,3.1337853684176533
m2542,3.819298941248374
m2543,2.8070480878251614
m2544,2.414821484344434
m2545,2.1090104208626697
m2546,2.8029174325589494
m2548,2.027083802286481
m2549,2.0562047609595973
m255,1.8021318665255135
m2550,3.326176970157573
m2551,3.1320352343998907
m2552,1.8406366318221867
m2553,3.2251758891044964
m2554,2.9898070547865867
m2555,1.5546748347760395
m2556,
m2557,2.2110269784324634
m2558,2.623623055628795
m2559,2.1192523938279595
m256,2.5128194253524336
m2560,2.9295625986994356
m2561,2.8750875424636826
m2562,2.766698541260342
m2563,
m2565,3.8615023029819406
m2566,2.065682549753332
m2567,3.102990318184548
m2568,1.9745875574096914
m2569,3.104594138609774
m257,3.033504044892655
m2570,3.4073134985698266
m2571,4.279985331206696
m2572,3.3495843410488417
m2573,3.159497020706965
m2574,2.526258725692343
m2575,3.840295944763849
m2576,1.0760641171002145
m2577,3.0082306461247406
m2578,3.0100090038649867
m2579,3.4568139414728023
m258,2.2344447607262468
m2580,3.787503187236737
m2581,3.0907355505748573
m2582,2.817748891791565
m2583,3.479308277695542
m2584,
m2585,3.571331632265768
m2586,2.509907595744912
m2587,2.7827512318572216
m2589,2.463068799641201
m259,2.6476594182076627
m2590,2.7255985593396295
m2591,0.6140961756503223
m2592,
m2593,3.3730003214769075
m2594,3.681785780674355
m2596,3.438797657329337
m2597,2.3367755750718175
m2598,2.9328024718641443
m2599,3.8838060818234883
m26,3.3451908812455633
m260,4.425001092210966
m2600,3.142156474053399
m2602,1.8624676507612055
m2605,3.099290384746939
m2606,2.548183133501251
m2607,3.865960459685812
m2608,2.1705934055078826
m2609,4.026249797535377
m261,3.541060415030834
m2610,3.6059846147881345
m2611,3.765229850064905
m2612,3.9554138130773033
m2613,2.9792874686715205
m2614,1.6616137296268234
m2615,2.8730143008101257
m2616,2.6050415659348434
m2617,3.253493830779845
m2618,3.6072130049411686
m2619,
m262,3.724753365025561
m2620,3.441186505200064
m2621,3.4117300560368444
m2622,3.2523399476259764
m2623,1.6820893823013237
m2624,3.8958842591062686
m2625,2.8091154167433885
m2626,3.214739176846611
m2627,2.8786724498851797
m2628,3.3632725164117536
m2629,2.5805461470611277
m263,3.4905435380186915
m2630,3.1733463499162182
m2631,1.2160144061839784
m2632,2.3965340661997305
m2633,3.362432894148393
m2634,3.035185185431375
m2635,2.617821883869829
m2636,1.9131386637075476
m2637,2.2941767443562693
m2638,2.468115608093091
m2639,3.0409879255405747
m264,2.177807846230073
m2640,3.4850548970045487
m2641,3.0981166367639137
m2642,2.252903890187229
m2643,1.7818204441031213
m2644,3.6879913775968993
m2645,3.1232159441018146
m2646,2.5012685109960886
m2647,2.86790368167163
m2648,3.8803089722592903
m2649,3.0564028298715207
m265,3.8620791182434537
m2650,2.3373504510037106
m2651,2.902302276588589
m2652,2.570004113304075
m2653,2.4015823153255504
m2654,3.599400984984519
m2655,1.4583112332986834
m2656,2.4899660530948804
m2657,3.22084897685053
m2658,2.3582270687182203
m2659,2.883026431062612
m266,3.3450368641681454
m2660,3.711196757954983
m2661,3.1335780255842285
m2662,3.786249937701782
m2663,2.789743880521375
m2664,3.835579849461748
m2665,3.1675440055829185
m2666,2.767639692979435
m2667,2.3190926057392725
m2668,2.4222131927636603
m2669,3.565829409115755
m267,2.5258477505552976
m2670,3.9024075921608823
m2671,3.592988809769344
m2672,3.088505014983911
m2673,2.8531692738911545
m2674,2.218300832956033
m2675,2.606275081282037
m2676,3.0117952823254512
m2677,3.927211050238311
m2678,2.7004395049584775
m2679,1.7061188922992174
m268,3.1448912620973815
m2681,3.250765550421147
m2682,3.8832713579667426
m2683,3.328868588382476
m2685,2.307048087825161
m2686,3.8847829705532244
m2687,3.5689795321793265
m2688,3.0679620786847326
m2689,3.0530440393233
m269,3.314324122716654
m2690,3.605191455793948
m2691,2.480528275785085
m2692,4.172687902537943
m2693,3.7311243411939254
m2694,3.060421393050519
m2695,1.574013490130711
m2696,3.4407295269742013
m2697,3.485949872956973
m2699,2.951430238276264
m27,2.6902811284309713
m270,2.8014537000473867
m2700,3.6924980143199133
m2701,2.0890602423504068
m2702,2.967513947132108
m2703,
m2704,2.676713029000571
m2705,1.4801285029874862
m2706,3.6527182838573946
m2707,3.4264946092866047
m2708,3.5705727730374535
m2709,3.036435899807362
m271,2.9148479044195152
m2710,2.958200732781821
m2711,3.2277257315610637
m2712,3.1207900901230303
m2713,2.3955120429025296
m2714,3.0434246398057794
m2715,1.7741976189180848
m2716,3.8684459933720716
m2717,2.8248382068492015
m2718,3.0143627568560816
m2719,2.286102847901762
m272,3.6374768245423303
m2720,2.0598620607540408
m2721,3.532634666186498
m2722,2.7871697480750717
m2723,2.933691829159174
m2724,3.0402994243895414
m2725,3.543195785941778
m2726,4.024403183489181
m2727,3.209118701207194
m2728,3.9362392237992307
m2729,3.7464957856289303
m273,2.762068069357878
m2730,3.376016890746934
m2731,4.196510529933058
m2732,3.8117266356416097
m2733,2.111286517300424
m2734,3.2762561815590296
m2735,2.8088324192537977
m2736,3.3202166571846763
m2737,2.5149287949605728
m2738,3.2399876554536555
m2739,3.7593783014019637
m274,1.978061926186801
m2740,2.1875894259270487
m2741,2.738165068013414
m2742,
m2743,3.0735570683732925
m2744,3.391483106338599
m2745,3.773106952888731
m2746,3.265007302952533
m2747,3.2016336890582138
m2748,1.8875754124765938
m2749,3.0577422689353106
m275,2.3131083304169295
m2750,3.590372270092258
m2751,2.5428441582076533
m2752,2.8278449180548537
m2753,3.27857872274175
m2754,1.3255186940497945
m2755,2.3045858524009084
m2756,2.9349571221535258
m2757,3.690967804980608
m2758,2.491298749945462
m2759,3.257309509168762
m276,2.5653308806456994
m2760,2.391671970447154
m2761,3.976575974534155
m2762,4.374608957910812
m2763,3.585867603413121
m2764,3.478920434367853
m2765,1.767730342486467
m2766,3.222721346517783
m2767,2.597737330036727
m2768,2.621932292889856
m2769,2.9830229375102437
m277,3.038654953217422
m2770,3.1984920462851374
m2771,2.7355883562069816
m2772,2.894581914572415
m2773,2.258210716349403
m2774,3.2367689160437636
m2775,2.646351339848506
m2776,3.0571454019300797
m2777,0.8912769405202579
m2778,2.2407421182694502
m2779,3.52916991698781
m278,2.4580541701202927
m2780,2.9388733682231365
m2781,2.8979477893369925
m2782,3.318999240404616
m2783,2.0319484698213492
m2784,2.956848381818586
m2785,2.5899075957449122
m2786,2.1534451422114724
m2787,2.7673721004160283
m2788,4.063277481021343
m2789,2.838609693137677
m279,3.4369351382391797
m2790,2.4157878491915854
m2791,3.924780852135654
m2792,2.893906631902639
m2793,2.6193348619075016
m2794,2.8131698804206984
m2795,3.762244685119378
m2796,2.8134945313912185
m2797,3.8108761357670646
m2798,1.7744224104947675
m2799,1.3591252452794471
m28,3.9284362154662014
m280,3.455305988026178
m2800,2.4753211699398423
m2801,3.298187729344868
m2802,2.9905457700469804
m2803,3.1734061358531034
m2804,4.190916104279152
m2805,2.7804526245379173
m2806,2.4843761123940054
m2807,1.5771665387074165
m2808,2.4082955662579635
m2809,2.041258132208222
m281,3.5386686430991334
m2810,3.592951652336578
m2811,
m2812,2.9617874002461018
m2813,3.214304315408919
m2814,2.289526098053033
m2815,2.4767289641737524
m2816,1.7289725215325444
m2817,1.4734699440991055
m2818,1.3900485205784838
m2819,3.956852314762184
m282,3.074776849034742
m2820,3.2724705430121195
m2821,1.5997974052543755
m2822,2.928720835238806
m2823,0.8748837151676774
m2824,3.5600676845848613
m2825,1.0003821852356922
m2826,3.077103747592214
m2827,2.3273032145057533
m2828,1.9160518375150233
m2829,2.7961835846550507
m283,2.5380320585501073
m2830,2.7743865568682393
m2831,2.41917984386302
m2833,2.668701853495327
m2834,2.974825486062206
m2835,2.283503734324681
m2836,3.162832809746883
m2837,2.8964149140845317
m2839,3.9031375406410183
m2840,2.7912836487190704
m2841,3.5484536610044204
m2842,3.170816451996765
m2843,3.4468337739122332
m2844,2.9490054684957023
m2845,
m2846,3.216920366299397
m2847,3.6020392320254904
m2848,3.672876895275991
m2849,2.449390983769367
m2850,1.767730342486467
m2851,2.2856957669377316
m2852,3.627152810188132
m2853,2.4806451158202383
m2854,1.785023535564946
m2855,1.8159246049814741
m2856,2.5436780026556423
m2857,3.591352097882936
m2858,4.284747866611191
m2859,4.136285294918488
m286,
m2860,3.0855978977522756
m2861,3.0265598752344647
m2862,2.341409113687373
m2863,3.803288082861227
m2864,2.346121620893973
m2865,2.6233981814028633
m2866,3.5820525110925274
m2867,3.3223786745979114
m2868,2.070300074046128
m2869,1.2553312931086262
m287,2.489362553232138
m2870,3.4782006606223885
m2871,3.873507812503757
m2872,3.7429338501204032
m2873,2.339400840982751
m2874,3.2982306678730042
m2875,3.1373098820169627
m2876,2.287181439503279
m2877,2.8724416433850823
m2878,1.879651114023691
m2879,3.3186246880883696
m288,3.0475181336586337
m2880,3.221215102150141
m2881,3.1277113054235333
m2882,2.5669859931585384
m2883,3.437625255359411
m2884,2.3062710198323195
m2885,3.128812952554336
m2886,1.7898655264021865
m2887,1.1820893823013237
m2888,2.564055350415125
m2889,3.3253054580658725
m289,3.198420174417241
m2890,3.7460145679495325
m2891,3.348089610286829
m2892,1.7880595882008823
m2893,2.483868401589988
m2894,2.292333460395051
m2895,
m2896,2.9923069844094496
m2897,2.7154829284399558
m2898,2.549731343155803
m2899,3.372121175536816
m29,3.964833056249658
m290,3.7733860395428773
m2900,2.512431294659429
m2901,3.0779668223520065
m2902,2.270524462023715
m2903,1.8647499488061672
m2904,3.2110782701288816
m2905,4.468283970742928
m2906,2.1998707517017175
m2907,2.2802179064935437
m2908,3.945644270407148
m2909,
m291,1.9316442464973953
m2911,2.339158913915038
m2912,3.589371315238508
m2913,2.6467408884440617
m2914,1.523850302392284
m2915,3.5788782858631887
m2916,3.641326683472309
m2917,3.958838009698653
m2918,4.073423411228329
m2919,3.8079282937788816
m292,3.201322603752594
m2920,4.008886177032489
m2921,3.7893743754728084
m2922,3.6467673343051428
m2923,3.045041044143913
m2924,3.7323732345881413
m2925,3.980030370661749
m2926,3.251946955114494
m2927,3.885469170763173
m2928,3.111105632134368
m2929,3.3281030823907707
m293,4.050655986654411
m2930,3.6987819675387352
m2931,3.6771137014750552
m2932,3.775078638010807
m2933,2.62316810408908
m2934,1.2110269784324632
m2935,4.041018892990776
m2936,3.949331307205584
m2937,4.131524323561347
m2938,3.322858215859956
m2939,3.236158694388839
m294,2.801506396870903
m2940,3.840476806904178
m2941,3.5039754573056965
m2942,2.991376300866818
m2943,3.644105166934451
m2944,3.9434444169524676
m2945,2.3074650575831175
m2946,3.662722861306453
m2947,3.915943012958875
m2948,3.8315826939338784
m2949,3.811929972267865
m295,2.4616284457376296
m2950,2.223588659720418
m2951,3.9239099394340182
m2952,3.6186326084823763
m2953,2.2789685352131617
m2955,0.7997720809111726
m2956,2.986049583038695
m2959,4.021636356402595
m296,4.236999931163538
m2960,1.6820893823013237
m2961,2.681097727707881
m2962,2.606275081282037
m2963,3.251546852759123
m2964,2.4898991254122267
m2965,1.778369091835734
m2966,3.970880996150682
m2967,3.5762229060941437
m2968,3.632617994028143
m2969,3.708559796531943
m297,2.63925723599446
m2970,3.782736656851222
m2971,3.7123780654367273
m2972,3.7649404847944132
m2973,3.968280511518394
m2974,1.5821533138790838
m2975,2.827219234249591
m2976,2.9725905320803845
m2977,2.552889614157017
m2978,2.6491960650701043
m2979,1.8311843828592176
m298,3.6459209254020397
m2981,3.1075983677084578
m2982,1.797610237560492
m2983,3.79258970234694
m2984,2.62316810408908
m2985,3.3960584434484944
m2986,2.294755959305139
m2987,3.6352524093783005
m2988,3.490435032023696
m2989,3.4178785750085816
m299,3.4999270721844526
m2990,3.1034622432160255
m2991,3.511718809429261
m2992,2.0657177962645488
m2993,3.62398426072318
m2994,2.8648990818988818
m2995,2.194022324166127
m2996,3.2262068971869136
m2997,4.0832302796564015
m2998,2.8437770469181567
m2999,3.307048087825161
m3,2.9207615582591684
m30,3.4194798997612414
m300,3.6990443684625043
m3000,4.047887807871091
m3001,1.2894714219746095
m3002,3.624695455595688
m3003,2.41917984386302
m3004,2.348420014520289
m3005,3.3025394634128413
m3006,4.002343034717832
m3007,3.8947188805616872
m3008,3.4324154480860045
m301,3.024808597939677
m3010,3.2621446981949695
m3011,3.458796590987731
m3012,2.514755627286114
m3013,2.6122776649899313
m3014,2.6199142058786116
m3015,3.2273049103295346
m3016,3.0738454374897097
m3017,2.327704379769439
m3018,3.3267218298113037
m3019,3.8337493801302673
m302,3.611359245772601
m3020,3.3647452082562093
m3021,2.3981639514209543
m3022,4.244893763124017
m3024,2.1824601771548076
m3025,2.7837274940884345
m3026,0.8070480878251611
m3027,0.8836322783260742
m3028,3.592701049529109
m3029,3.1474419926850303
m303,2.8809297322355776
m3030,4.290865675144933
m3031,1.8532738317567117
m3032,3.4093287139360466
m3033,3.2071043935972403
m3034,3.6422778102379514
m3035,4.07152391452298
m3036,3.0587570590657363
m3037,3.9759590035920147
m3038,4.015494343579376
m3039,3.7738167147918107
m304,2.7963609846790334
m3040,3.200590095720002
m3041,1.5024869285969662
m3042,1.3448041457470443
m3043,1.3786106737316839
m3044,3.7862130116099233
m3045,2.911287667756002
m3046,3.2914566655545725
m3047,3.2036563729956935
m3048,2.10183724989399
m3049,2.9307048058762892
m305,2.3254576193135215
m3050,2.4797030653382617
m3051,2.8064741643484408
m3052,3.643551853248351
m3053,2.893002245771125
m3054,1.7746757583921406
m3055,3.1744468377396604
m3056,3.2894714219746093
m3057,
m3058,1.5628596632836351
m306,4.1335249353924155
m3060,3.7630555207199836
m3061,3.775973024022371
m3062,3.880146173291589
m3063,2.553747019415941
m3064,2.209657650907858
m3065,
m3066,3.5637429417635578
m3067,3.800459463282645
m3068,3.7890563943114
m3069,3.616023931010364
m307,3.9814297632287907
m3070,3.295859566470203
m3071,3.680855725671383
m3072,3.7247988906786653
m3073,2.8760102913557404
m3074,3.657621174379642
m3075,3.7787419975247376
m3076,3.5174896473758985
m3077,4.039003062501913
m3078,3.5067817618092736
m3079,3.745571531904249
m308,3.8378157347846282
m3081,3.460508795203982
m3082,3.3144410434288094
m3083,3.990211826853697
m3084,2.8070480878251614
m3085,0.4211442634754836
m3086,3.3435004714652643
m3087,3.4005826871740723
m3088,4.000243422364047
m3089,4.2594237097101395
m309,3.3810855388867664
m3090,4.020210353852446
m3091,4.145623137249798
m3092,3.519908832364469
m3093,3.5446161541483883
m3094,3.664573733302237
m3095,4.053795972091867
m3096,3.7834213067250415
m3097,3.924785522268018
m3098,3.758945000367678
m3099,3.1176351963591125
m31,2.954873255091382
m310,1.7820654065496262
m3100,3.682177454866748
m3101,3.60540765804263
m3102,3.535679592701889
m3103,2.8474805549217095
m3104,3.7951387487000834
m3105,3.7164095177684238
m3106,2.8066041411173157
m3107,3.381397036143385
m3108,3.5611594917146885
m3109,2.9959322261753965
m311,
m3110,3.069289220911231
m3111,3.5764991774345645
m3112,3.111254951934423
m3113,2.5400504756499935
m3114,4.174980768802145
m3115,2.962796226488126
m3116,2.158723498680656
m3117,3.04472846178751
m3118,3.3111937379135568
m3119,0.5997974052543757
m312,2.233748951153721
m3120,2.854431811315708
m3121,3.1417217093977854
m3122,3.137250603912139
m3123,
m3124,2.943585085877885
m3125,3.3594465721072027
m3126,
m3127,2.943568664745235
m3128,3.1829903436688283
m3129,3.596329385843146
m313,2.5823394041300416
m3130,2.202200779378713
m3131,2.8070480878251614
m3132,3.3643565954987618
m3133,3.3824283866299423
m3134,4.19055876166477
m3135,3.8241949609709645
m3136,1.399696107881563
m3137,3.456676193533283
m3138,2.95491306475752
m3139,2.6299501720220375
m314,3.7433964556035457
m3140,2.5148227485997126
m3141,2.8142534267324804
m3142,3.197052436332231
m3143,3.3457490119468494
m3144,3.007470536378502
m3145,3.2334435207455314
m3146,2.6262530517757643
m3147,4.103245378858578
m3148,3.8862294685115133
m3149,1.6231681040890802
m315,2.4641764475663375
m3150,3.3967207876283494
m3151,
m3152,3.878164900609008
m3153,3.502832298818857
m3154,3.0100090038649867
m3155,3.3070395644225887
m3156,2.7814287370762694
m3157,3.0617420429650672
m3158,3.3684217515874684
m3159,3.7079437605975643
m316,3.4313974235899587
m3160,3.8274935051528445
m3161,3.0271623881177963
m3162,2.0668263028587575
m3163,3.57446269329137
m3164,
m3165,2.3652487907288013
m3166,0.8684676427138073
m3167,3.4866839665480285
m3168,3.683189191672747
m3169,3.411293220680049
m317,3.1126594327553483
m3171,3.650236036692761
m3172,
m3173,3.0313621066801955
m3174,3.417466088803655
m3175,3.7263168549572625
m3176,3.445355445272557
m3177,2.4394176409115014
m3178,3.766374533559406
m3179,3.281639424998511
m318,4.525473087195368
m3180,1.9774084928055988
m3181,3.5351617810272717
m3182,3.7888550156791543
m3183,3.3124692736113786
m3184,2.2160144061839784
m3185,3.3061631411243337
m3186,3.3854820528922254
m3187,2.0760641171002145
m3188,3.419624003006934
m3189,3.537819073426747
m319,3.7897541159793544
m3190,1.9968132988977167
m3192,3.779594535091851
m3194,3.163515292534308
m3196,4.15081074792077
m3197,3.1965835411629677
m3198,3.987242100061439
m3199,3.128905633415602
m32,3.8971356347117845
m320,3.0505909649273772
m3200,3.7168945988808506
m3201,3.8543454990574886
m3202,
m3203,3.601752979118709
m3204,3.5450160334647967
m3205,0.6434570826915749
m3206,3.0757515263556066
m3207,2.5440705922755544
m3208,2.6240746904307573
m3209,
m321,3.5194980369836237
m3210,3.7755080756099098
m3211,3.3309263111895193
m3212,1.8070480878251611
m3213,3.4248702710081895
m3214,3.145322241880444
m3215,2.574013490130711
m3216,1.4100074202141282
m3217,3.1487473655660794
m3218,2.8363190143279713
m3219,3.1710431058284096
m322,3.576770594093964
m3220,
m3221,2.9915385830119194
m3222,3.8882056143146837
m3223,3.0372867155958545
m3224,3.8362749322372833
m3225,2.457852735656538
m3228,
m3229,
m3230,3.473112349694845
m3232,2.642097119108594
m3233,
m3235,2.7267231895648525
m3236,1.4211442634754836
m3237,
m3238,2.0008470793644015
m3239,2.0574594081998283
m324,3.711016078906797
m3240,2.9338992496311853
m3241,3.4032950668035404
m3242,3.1332320359605212
m3243,2.3829363002914903
m3244,3.5982295840921354
m3245,4.4493909837693675
m3246,3.8217187047801766
m3247,3.089467750350207
m3248,2.3936799142353804
m3249,3.0312472450368575
m325,2.1237227235719502
m3250,3.3149663737664534
m3251,3.270180239593678
m3252,3.6334925796335553
m3253,3.545814746460013
m3254,2.7928471172909517
m3255,3.628600686326339
m3256,3.70031291817673
m3257,2.7782842472422424
m3258,2.642943756325626
m3259,3.273446934738285
m326,4.1366021991364175
m3260,3.6428570106438123
m3261,3.4014161459156647
m3262,2.7788823269363485
m3263,3.117760546746828
m3264,3.0049510157453465
m3265,4.037175173428279
m3266,3.483789021811695
m3267,3.6042289701215595
m3268,1.6342019105258652
m3269,3.119419759756447
m327,2.4823570839890725
m3270,3.156194796439642
m3271,3.7580524443611196
m3272,3.032432493737492
m3273,2.640144944687329
m3274,3.023834759935623
m3275,3.380728214424427
m3276,2.355643708777774
m3277,
m328,2.9399049699105433
m3280,
m3281,3.8148351083987126
m3282,3.2159246049814745
m3283,3.2141993199205996
m3284,3.4353729640997392
m3285,2.5986786344482207
m3286,2.022716451752849
m3287,2.5344047149866156
m3288,1.7997720809111726
m3289,3.489116460862409
m329,3.3166381204097357
m3290,
m3291,
m3292,3.2834815016423864
m3293,2.5061188922992175
m3294,0.4211442634754836
m3295,2.8070480878251614
m3296,3.6783306339096167
m3297,
m3298,3.3866532623653343
m3299,2.1517004212616295
m33,2.307048087825161
m330,2.557400878215202
m3300,3.2102629367197144
m3301,3.3018543130121114
m3302,3.0534436507049763
m3303,2.493164214032202
m3304,3.340024094310154
m3305,
m3306,3.534316235901942
m3307,4.289265086160652
m3308,3.0969351696683227
m3309,3.15449302348987
m331,2.7484069037463748
m3310,3.525317416718477
m3311,3.4998684730958995
m3312,
m3313,1.8866129515773016
m3314,1.800587086932402
m3315,
m3316,2.6450665887158142
m3317,3.8721889421257165
m3318,3.184777713025331
m3319,2.6949308301059527
m332,2.38149649455651
m3320,3.1932973285633457
m3321,
m3322,1.6820893823013237
m3323,
m3324,2.594807397213918
m3325,2.1599966791623264
m3326,2.6939605004137106
m3327,3.3171956217367673
m3328,3.7262836532469317
m3329,3.5237784149297093
m333,3.3919199858326463
m3330,3.581687978478595
m3331,1.9711675520656182
m3333,2.9521734121396364
m3334,4.010924102951416
m3335,1.9998733782839846
m3336,
m3337,2.8070480878251614
m3338,4.114440185917214
m3339,3.5200240028894494
m334,3.669941165802875
m3340,2.488992094423499
m3341,3.9199143734556485
m3342,3.7349051044651844
m3343,2.0598211235006585
m3344,2.111972903536048
m3345,2.804728620102261
m3346,1.9411868110157644
m3347,3.88420178025851
m3349,2.970593405507882
m335,3.216356010910699
m3350,3.8323284307063856
m3351,2.7289814936142682
m3352,2.1332320359605212
m3353,
m3354,2.5174784378335837
m3355,2.750286644244758
m3357,3.5513616168065396
m3358,3.587691521086525
m3359,4.012235997031891
m336,2.177744371318215
m3360,3.847854477496178
m3361,3.7830026788603655
m3362,3.9109347849342595
m3363,3.9739086113154474
m3364,3.794656477836238
m3365,3.9640744229403926
m3366,3.7170195746547225
m3367,3.1140631337349394
m3368,3.40129282626303
m337,3.774190090817717
m3370,3.2641894688086603
m3371,3.4198440785670803
m3372,3.3440445530771976
m3373,2.1332320359605212
m3374,2.195151580197869
m3375,3.088800572136091
m3376,
m3377,2.8070480878251614
m3378,2.8256553497214356
m3379,3.7738493077965214
m338,2.7469964930383237
m3380,1.399696107881563
m3381,2.8070480878251614
m3382,
m3384,3.704912120628366
m3385,2.4016503615457254
m3386,3.6846838235468566
m3387,2.5711026943385886
m3388,2.6072193686538263
m3389,2.401851101228352
m339,3.428503075747025
m3390,1.3561531927611612
m3391,2.075656576022869
m3392,1.7787107939812767
m3393,1.84447673837355
m3394,2.534155377833194
m3395,2.595915608680651
m3396,3.788115722129929
m3397,3.6423964067097963
m3398,3.4010611852431585
m3399,2.8905778465548027
m34,3.8428877238926824
m340,3.0748599001639314
m3400,2.062653332780662
m3401,1.9356098210842432
m3402,3.0380177297881485
m3403,2.4721479197179024
m3404,3.302233297149194
m3405,3.7390616321930215
m3406,3.5944745504498714
m3407,0.5997974052543757
m3408,3.815475216896934
m3409,3.1735678769887548
m341,3.4799770974747815
m3410,3.897785781213321
m3412,3.2199797119406917
m3413,2.8070480878251614
m3414,3.0011066368106913
m3415,3.2784179809666876
m3416,3.604335397136381
m3417,3.364935872667503
m3418,3.6300537045100643
m3419,2.5566071722037425
m342,3.5918935463493042
m3420,3.5918717404551783
m3421,3.997942720973765
m3422,3.269202471437329
m3423,2.6768746806436443
m3424,3.8115597319956414
m3425,3.07442169371584
m3426,3.0658501973158625
m3427,3.1650604746764324
m3428,2.6735139438488673
m3429,4.242196865907846
m343,2.0429477182550175
m3430,3.2047942635804607
m3431,2.4257166376419246
m3432,2.005660886068637
m3433,1.794627620959238
m3434,1.8461459529537954
m3435,4.353809952507767
m3436,2.6149438641851885
m3437,1.1998480539407814
m3438,2.5851511015356263
m3439,1.9931635201637834
m344,3.0681130355055455
m3440,1.7743312979737542
m3441,3.184930496075594
m3442,2.013332007470773
m3443,3.144070592275554
m3444,3.076248509746755
m3445,3.050616761993555
m3446,3.0428894981762955
m3447,3.46912688841306
m3448,3.683322118693158
m3449,2.6497811872498525
m345,3.7146659700979696
m3450,3.3475590685302223
m3451,3.830794500474313
m3452,3.0337246504926396
m3453,2.2477830984781386
m3454,2.391673807352608
m3456,3.679504886829777
m3457,2.7968212640663195
m3458,
m3459,2.486471552484035
m346,3.3553210868811876
m3460,
m3461,3.563560669009033
m3462,4.13671962057962
m3463,1.428122980617263
m3464,1.922718687845153
m3465,2.3835063234311713
m3466,3.428459879315228
m3467,3.9154608183841417
m3468,4.171954145128377
m3469,4.183378611127306
m347,2.8314326245668933
m3470,4.172141154915466
m3471,3.9681767808660453
m3472,0.9374418575838387
m3473,3.0179822664551605
m3474,2.7554891490693674
m3475,3.821774329775385
m3476,3.4979897905994797
m3477,2.9083069538344057
m3478,3.2311814665824956
m3479,3.5954366105101583
m348,3.6117052351091665
m3480,3.485968873469884
m3481,3.878457168690848
m3482,2.0760641171002145
m3483,2.844469347985284
m3484,2.5977506812185003
m3485,0.8070480878251611
m3486,2.29426645800407
m3487,3.4869775528071205
m3488,1.5457320634950544
m3489,2.9399502794430026
m349,3.676544225256274
m3490,2.0168179504551977
m3491,2.6949478549200863
m3492,3.021529592742323
m3493,
m3494,3.6353869021235323
m3495,3.280869337743807
m3496,2.975918538611752
m3497,2.8597584177071123
m3498,3.9132942591870243
m3499,3.7668317380617364
m35,3.1027353532826982
m350,3.3168090331440276
m3500,2.5615351594037836
m3501,3.427486146583083
m3502,3.302444264014986
m3503,3.2699181286719234
m3504,3.95235202948581
m3505,3.7826381202756205
m3506,3.235256469864142
m3507,3.9530297119547626
m3508,3.9550640355667106
m3509,2.6349255076010616
m351,3.2166665675608397
m3510,3.695208288147818
m3511,2.3092552278906058
m3512,3.5910236855359456
m3513,3.26141381748774
m3514,2.89986750863826
m3515,3.019996179022394
m3516,3.6517708003366662
m3517,3.8070480878251614
m3518,2.6134839860951184
m3519,3.221733789315551
m352,2.9328365362155813
m3520,2.104667223565184
m3521,3.7465378967125615
m3522,3.0760641171002145
m3523,2.317071856197821
m3524,3.3416237422683226
m3525,3.034298575590196
m3526,3.7084786548273687
m3527,3.6003131092630887
m3528,3.0348417728371166
m3529,3.3298085569723597
m353,3.3665025580530803
m3530,
m3531,2.607808644461829
m3532,3.2697229366974554
m3533,2.425962673734023
m3534,2.9851619134685072
m3535,3.126143639266718
m3536,3.6689014252950485
m3537,3.0566018130138204
m3538,3.52692633415146
m3539,3.54014405184483
m354,2.9490420170526925
m3540,2.322778403890657
m3542,1.6140961756503223
m3543,3.863614992287405
m3544,2.664073486287852
m3545,3.80491599783705
m3546,3.593171190057113
m3547,3.6146205371857603
m3548,3.7170134175135363
m3549,3.6678032980672053
m355,2.23079263751013
m3550,3.2786216635301297
m3551,3.8534546861900503
m3552,3.781167239327464
m3553,2.543312056455153
m3554,3.2537534382621556
m3555,3.4784583699313822
m3556,3.523147081465745
m3557,2.7355857636735106
m3559,3.329292983498224
m356,4.04568692394111
m3562,2.632779707947289
m3563,1.4247925873187355
m3564,1.6396865763083552
m3565,3.1381780947706375
m3566,3.2481995390469667
m3567,3.112272077403152
m3568,2.835430672228767
m3569,2.864606890981561
m357,3.6915960026048196
m3570,3.385159579454085
m3571,3.1780053663427155
m3572,1.521625316715699
m3573,1.174868629795075
m3574,0.946973861167265
m3575,2.2664640719210425
m3576,3.581793307424358
m3577,2.37738019613116
m3578,4.064270548240034
m3579,2.1927935015791786
m358,2.993335352902886
m3580,2.71222143754949
m3581,2.335167351729303
m3584,2.6030824899976297
m3585,3.422749598709627
m3586,2.9689250786268193
m3587,2.5473657063695314
m3588,3.079426013691564
m359,2.8363401784592646
m3590,2.6889003589934197
m3591,3.3395774821195308
m3592,1.6513106994428712
m3593,1.510000661019984
m3594,3.150519072187616
m3595,1.450512419238596
m3596,2.2084195302366054
m3597,2.3358185384252033
m3598,3.2793730868092403
m3599,3.435172660663437
m36,3.9022005042413754
m360,2.304703877878908
m3600,2.6422185703886703
m3601,
m3602,2.749884614967883
m3603,1.9219979597752932
m3604,3.531491902479816
m3605,2.8195565847738817
m3606,3.8151644379114513
m3607,
m3608,3.3261737932324933
m3609,3.307048087825161
m361,3.318383176353538
m3610,2.2009277407865446
m3611,2.498114429885578
m3612,3.2361125330802554
m3613,3.586734799541891
m3614,3.147517077833441
m3615,3.110096694772933
m3616,2.2756183056911494
m3617,3.1614520053450277
m3618,3.268260273269333
m3619,3.04180197499537
m362,3.2398283052860277
m3620,2.706659451177393
m3621,1.1332320359605212
m3622,3.653100175034557
m3623,3.135640536365094
m3624,3.588621597257964
m3625,3.347048850728154
m3626,2.093726545774193
m3627,3.2517772677118293
m3628,3.2483064739989422
m3629,4.080963154835241
m363,4.058453369222681
m3631,2.1332320359605212
m3632,3.26194172112541
m3633,3.359718690164851
m3634,4.143552891586842
m3635,3.53238483667076
m3636,1.918866421885868
m3637,3.571087710118235
m3638,3.1156078373238993
m3639,3.5523541177256606
m364,3.804392048110443
m3640,2.877017053882515
m3641,1.7854517595595034
m3642,2.626560747093524
m3643,3.2793934421394844
m3644,2.990506827922815
m3645,2.992486206917107
m3646,2.2805906809290555
m3647,
m3648,2.1332320359605212
m3649,3.0624589367243353
m365,2.9517004845891677
m3651,
m3652,2.0398176647289383
m3653,3.652394580341442
m3654,3.8961417445739017
m3655,3.5429172602984425
m3656,
m3657,2.912276177282552
m3658,3.383219042898926
m3659,2.7780215244466997
m366,2.6679129097719625
m3660,2.67771227945916
m3661,1.9665400318889703
m3662,1.8604809233642223
m3663,1.5735505157711311
m3664,1.4048660054305149
m3665,1.3102727844396242
m3666,1.0702686187609478
m3667,1.647229579883585
m3668,3.82077462955002
m3669,2.1481155280725313
m367,3.2204357558869976
m3670,3.2031300689491222
m3671,3.991685675515674
m3672,2.8076228138661143
m3673,1.8810290624011614
m3674,2.280026130665252
m3675,3.7133992055923413
m3676,3.291830406246845
m3677,3.6051322678202644
m3678,3.5674335194563973
m3679,4.059000434578906
m368,3.457569065849525
m3680,3.657024805067662
m3681,3.8237387834472667
m3682,3.5812818057820768
m3683,4.153955581278119
m3684,3.2823903282895266
m3685,3.514731020431371
m3686,3.1656690619935497
m3687,
m3688,2.6115802342542396
m3689,1.8701961511102485
m369,3.0610721963681056
m3690,1.8503576645476765
m3691,2.2826817729468134
m3692,2.022727176478415
m3693,2.521380878278203
m3694,1.6025463355189595
m3695,1.5294112978404262
m3696,2.261403461696076
m3697,2.788451798543725
m3698,3.131982371217276
m3699,3.3993448953156977
m37,2.5833107849293526
m370,2.7965037508166413
m3700,3.455983789951007
m3701,3.1443515231173413
m3702,3.6045936500537095
m3703,3.612043519724695
m3704,3.095413172197434
m3705,2.4896235534991336
m3706,3.301242366394074
m3707,2.9459293187823112
m3708,2.86045129269167
m3709,2.2134633623600006
m371,3.0561815129610475
m3710,2.117942005028873
m3711,2.8682825211972713
m3712,3.130735629149554
m3713,3.568152589434892
m3714,2.9067721966159636
m3715,2.2276101168235436
m3716,2.1471609482360403
m3717,2.8839732513417027
m3718,2.96979904844345
m3719,2.682110677476213
m372,3.0647237397146343
m3720,3.4398865351360772
m3721,2.1682578586844765
m3722,
m3723,3.624255066294706
m3724,3.597550508258067
m3725,2.863315841736413
m3726,3.3655197523012292
m3727,3.5616906290652
m3728,3.8232709591401846
m3729,3.2908528572243543
m373,3.7570473015160974
m3730,4.17391000269441
m3731,3.1284822821555913
m3732,2.750079942551702
m3733,3.746544555725833
m3734,3.25239076935772
m3735,3.914292769445744
m3736,3.4382384702376916
m3737,3.706659451177393
m3738,3.2656170159476563
m3739,3.6183653120608996
m374,1.9630658913372647
m3740,3.331377216455776
m3741,3.9662953550498394
m3742,3.836913540493218
m3743,2.3371734210678223
m3744,3.1535460582279895
m3745,3.288468678019299
m3746,3.556410582008203
m3747,3.584727573531348
m3748,1.6140961756503223
m3749,2.597458888335478
m375,2.9026438082030745
m3751,3.8283781220395627
m3752,2.9023775141021804
m3753,3.6859046062384118
m3754,2.324549930953868
m3755,3.2913932725881474
m3756,3.2417520698730993
m3757,2.2303569700960706
m3758,2.553035703605846
m3759,2.8999514364228203
m376,3.1528726914887786
m3760,3.3666277642071183
m3761,2.562391370042131
m3762,0.7998987026271878
m3763,3.507735222647472
m3764,2.5231363851829185
m3765,2.5467392001949403
m3766,2.392180247119483
m3767,1.8923066954550964
m3768,1.9297779658035796
m3769,3.252528900701223
m377,3.5189088754373135
m3770,3.379797571854601
m3771,3.25745751635805
m3772,0.5997974052543757
m3773,2.6704261651585655
m3774,1.7480467961837525
m3775,2.7337624522706094
m3776,2.876202885831606
m3777,1.4772495780079327
m3778,1.7581614621779842
m3779,
m378,2.7299583252992625
m3780,2.6987204404369485
m3781,2.10339056508413
m3782,2.3917736216217356
m3783,3.925353340099815
m3784,3.0618732232407155
m3785,2.9146018631469874
m3786,3.0947220691646415
m3787,3.5828856990765843
m3788,3.6860238099064406
m3789,4.061754606350574
m379,2.794684089452171
m3790,3.0800677411707404
m3791,2.9748719337190566
m3792,3.3185892884638046
m3793,3.774524770459092
m3794,3.0720141204124807
m3795,3.1337703901357457
m3796,2.8828342737759614
m3797,1.8320672607965347
m3798,3.2375840667690543
m3799,1.4186286035424913
m38,2.287842087043185
m380,3.5851317764537294
m3800,0.1995948105087515
m3801,4.125367999186576
m3802,2.306850954002565
m3803,3.0123323169951717
m3804,2.1254249815218427
m3805,2.4408326748676985
m3806,3.0032230856655104
m3807,3.0876996917336523
m3808,3.7174184781154533
m3809,3.327293179906785
m381,3.1201998195022047
m3810,2.9384605256483263
m3811,4.018575535608397
m3812,3.4535320534173466
m3813,3.090096930471235
m3814,3.9079110381478066
m3816,3.4025969790843824
m3817,2.4280386535191165
m3818,1.470257154087811
m3819,3.9125338435517483
m382,2.8055674909677997
m3820,1.4374590031088907
m3821,2.4934745097918922
m3822,3.4815627255469836
m3823,3.335529262082977
m3824,1.9306493365644233
m3825,2.5984542497619763
m3826,2.4335055658779305
m3827,3.2965488601946444
m3828,0.4211442634754836
m383,3.156864139206268
m3830,2.432097839420337
m3831,3.5916048341758713
m3832,2.845116738163497
m3833,2.2189196966428986
m3834,2.6923155820806417
m3835,2.563957661608264
m3836,3.82394368755855
m3837,2.6516070281725463
m3838,2.26394331130694
m3839,2.236466653135363
m384,2.591655864637935
m3840,2.3468293021673348
m3841,2.6499250145994564
m3842,
m3843,2.166921079792132
m3844,3.4905036309344117
m3845,3.045120811723443
m3846,2.977419814419608
m3847,2.389465290599829
m3848,2.686545144518911
m3849,3.7972439936339377
m385,2.9041639741563507
m3850,2.302858870566838
m3851,3.618033360232293
m3852,3.564550744150943
m3853,2.950071030895804
m3854,3.2057535065831573
m3855,3.3160768603100985
m3857,2.347719146497462
m3858,2.906555297600079
m3859,3.679819929134432
m386,2.1909561477309287
m3860,2.7554891490693674
m3861,2.9700010899031115
m3862,2.5832975827052467
m3863,3.1803127357831755
m3864,2.4694162915324323
m3865,3.048412281565623
m3866,1.9085636063498266
m3867,2.6665400449506516
m3868,3.599707811157859
m3869,2.990777728535897
m387,2.5554858778081506
m3870,3.5979179926117886
m3871,3.7282026506577584
m3872,3.6468686800489776
m3873,3.5449878213499284
m3874,2.5100090038649867
m3875,1.5117802165236467
m3876,1.307048087825161
m3877,1.8816033219074955
m3878,2.1468276255652756
m3879,2.617842637076286
m388,3.458030235296273
m3880,2.918703087941743
m3881,
m3882,3.1514066154668137
m3883,2.164781096552244
m3884,2.075443532635912
m3885,2.6347383604928596
m3886,2.6535240439125807
m3887,2.307048087825161
m3888,3.8070480878251614
m3889,2.219615653915288
m389,3.3307144896768337
m3890,
m3891,1.3796278532018134
m3892,1.7786084440513896
m3893,3.421376937862488
m3894,2.6858110181352925
m3895,2.134957563734168
m3896,3.1429531233993835
m3897,4.175929930165185
m3898,2.4691171063183255
m3899,0.5997974052543757
m39,3.572190872687033
m390,3.2631609783061974
m3900,2.387185426164085
m3901,2.416996429876833
m3902,2.6730661222779237
m3903,3.1869099306838384
m3904,
m3905,3.2326163846623643
m3906,2.8548286748623446
m3908,1.9476869976093272
m3909,2.4486773708486456
m391,2.965199341957962
m3910,3.647033872403971
m3911,4.006186824507227
m3912,1.9662301604396681
m3913,2.3697757617546715
m3914,3.055030846407563
m3915,3.3003580234733825
m3916,3.831642775600429
m3917,2.965513731821547
m3918,2.6313189802010855
m3919,2.021693257992498
m392,2.3296086437103867
m3920,3.4472892037195337
m3921,2.3076950554793183
m3922,2.1958357836446094
m3923,2.3890457673526644
m3924,2.4976712889504076
m3925,3.6778470387782853
m3926,3.2430665863165142
m3927,3.4941680771698493
m3928,3.295336942619609
m3929,3.837141355738209
m393,1.6678317827830078
m3930,3.1143141835771213
m3931,1.6601005884266937
m3932,3.633091928829992
m3933,1.6625214336490752
m3934,2.5876990813631187
m3935,2.618903243227573
m3936,3.5643429918492453
m3937,2.7973654328099364
m3938,1.529310167512125
m3939,1.467438687109022
m394,3.204698725216774
m3940,1.1075983677084578
m3941,1.5340282274410133
m3942,1.3732900516995996
m3943,2.8030886131057877
m3944,1.2708065399859805
m3945,1.1834787504727629
m3946,2.0495980716588384
m3947,3.1626575098068814
m3948,3.568065808342741
m3949,4.0018046966278265
m3950,3.390247388853296
m3951,3.576457494502013
m3952,3.6880059565807306
m396,
m397,1.8296613010098033
m398,
m4,2.5775266691891394
m40,3.6278284696771133
m401,1.6140961756503223
m402,
m404,2.937441857583839
m405,1.9680942164476838
m406,3.1427258797797517
m407,2.737938129993509
m408,3.0616951591738193
m409,2.7643516512798825
m41,3.8532077412989616
m410,2.8148667039856874
m411,1.860393462375145
m412,3.454543015243775
m413,2.4013656116719866
m414,2.4485877053474034
m415,2.346038926989885
m416,2.209209043523756
m417,3.3464632240597787
m418,2.127577983358423
m419,2.0403779242090154
m42,2.734514775798493
m420,2.39829023024233
m421,3.1453145232859643
m422,2.879324984309752
m423,2.985904338382133
m424,2.378255388104052
m425,3.447878968797823
m426,2.965160904623309
m427,2.2010855201046047
m428,3.827554655151855
m429,2.2093677779364502
m43,3.304585857196609
m430,2.071798496312963
m431,3.602053799610529
m432,2.484538609452718
m433,2.5273039396557992
m434,3.008252760270784
m435,2.5162867985264223
m436,2.4777719613595623
m437,1.8242217037750046
m438,2.4631111071839538
m439,3.8070480878251614
m44,2.671235538544029
m440,3.75990138479074
m441,3.614333863406695
m442,2.9114550161794157
m443,3.0219513861690706
m444,2.0581191651344533
m445,2.400925946323609
m446,3.9782165225698827
m447,2.1758044798494667
m448,3.466961929488173
m449,3.3860761312310843
m45,3.3403751390595584
m450,3.1585142923085967
m451,2.9759346932820323
m452,3.007838019153412
m453,3.0262497975353764
m454,3.4907337739208115
m455,2.4682014509563794
m456,3.834056216698409
m457,4.0693572144505055
m458,3.0701508452350037
m459,2.668857581076106
m46,2.9609414259106397
m460,1.9314170341530117
m461,3.05426203248624
m462,2.244241839081591
m463,2.4714297723646683
m464,2.6451623022987776
m465,3.099315970996719
m466,2.707862637956988
m467,2.935117863167238
m468,3.173596223785373
m469,2.671236648983875
m47,4.051851131355982
m470,1.447966529693708
m471,3.5484387196816374
m472,2.405203210648907
m473,2.0628678991423723
m474,3.776196080379218
m475,3.808761432832924
m476,2.351860569631744
m477,3.3385266722387126
m478,2.112258623421158
m479,2.6305808975669995
m48,2.866541551597151
m480,3.727083506039364
m481,3.269134474555659
m482,3.3733571395702873
m483,3.552026758128706
m484,2.269572355113371
m485,2.416491046763805
m486,2.5495040083804374
m487,2.336029669052565
m488,3.0863213647255727
m489,2.291048457543351
m49,3.3764426449737095
m490,3.188426400312207
m491,3.1886611881557734
m492,3.627709479189304
m493,3.495174015034325
m494,3.257991282394895
m495,3.0579630747293884
m496,2.7915463649554395
m497,3.933250639704513
m498,2.4651380831534246
m499,2.511594792513807
m5,2.8901757609081216
m50,4.482358057880272
m500,3.3533126086902496
m501,3.371929919651985
m502,1.7883701142959818
m503,3.1535579113692815
m504,2.798699328104227
m505,2.2563808080185677
m506,3.274783918850617
m507,3.4203475774100984
m508,3.8201607019272332
m509,3.5850343265000855
m510,2.1166442829311
m511,2.932113602026484
m512,2.709824091260999
m513,2.890844398866869
m514,3.433980477235237
m515,3.829806036975244
m516,2.7465422858407353
m517,3.0808900568217643
m518,2.2864042164020493
m519,1.8114021476867417
m52,3.5541778783633093
m520,2.812343009779643
m521,3.190873683993137
m522,3.3493428498460984
m523,3.48701730543083
m524,3.528330947609236
m525,2.6858110181352925
m526,1.725256209619298
m527,4.47923316691083
m528,2.258545302211046
m529,3.9184091776252012
m53,4.449943020227793
m530,2.8070480878251614
m531,3.666805128887143
m532,2.9274932847179613
m533,2.5968907595504054
m534,3.726600876240291
m535,3.705826158896999
m536,2.8841122789948264
m537,2.94515560223817
m538,3.7254200513877427
m539,3.7007669009673285
m54,2.222620666652973
m540,2.0774181527310023
m541,4.232920012148073
m542,2.5192301370062746
m543,3.3070856738715486
m544,2.487281714138441
m545,
m546,1.7650563413313225
m547,2.6979944442050035
m548,2.392077446176816
m549,3.6537001111576686
m55,2.7215106890868817
m550,2.856172262124283
m551,3.6514378232760665
m552,3.1553841022040876
m553,3.7862309457078305
m554,2.2605717892387407
m555,3.8549047394105256
m556,4.096826458166542
m557,3.8070480878251614
m558,2.517695406824825
m559,1.432028812367957
m56,1.1851651421594245
m560,3.289526098053033
m561,3.113603504545192
m562,3.7061369169364617
m563,2.78789544466906
m564,1.9884612004652353
m565,2.8605044377123616
m566,2.4247925873187355
m567,2.9543499657794574
m568,3.5593161623750458
m569,2.7477022757744223
m57,3.206224289412218
m570,2.7067142311814996
m571,3.2929701766030948
m572,0.22819235130064452
m573,3.073895987322696
m574,3.2924634923661635
m575,2.605984824103868
m576,
m577,2.687770693595882
m578,3.8070480878251614
m579,
m58,4.015317320240982
m580,2.986342540873134
m581,3.903424454338481
m582,
m583,3.2464624864842953
m584,
m585,2.8014995440384807
m586,3.0531642986041
m587,3.435013450284888
m588,3.7373537571313764
m589,4.0240626789505445
m59,1.8498290606833794
m590,3.862766573035075
m591,0.6140961756503223
m592,3.5500768769815845
m593,4.319730407564305
m594,3.7777859435511254
m595,3.823936121220635
m596,3.6677830062951418
m597,3.5782101039417857
m598,3.675434627389188
m599,3.974775031251366
m6,3.8190097897330157
m60,3.1096157880176176
m600,2.608007203091989
m601,
m602,3.825758301741444
m603,2.7339177267750356
m605,3.1975824336622396
m606,2.014785877330674
m607,0.6140961756503223
m608,4.217557185330377
m609,2.539111133399632
m61,2.777214313404149
m610,3.4623515583015623
m611,2.302991215022937
m612,2.201929842213773
m613,3.432709920906213
m614,2.1332320359605212
m615,3.8203340108436694
m616,3.231333319212182
m617,3.1595174227830873
m618,1.2708065399859805
m619,2.2488000036677476
m62,3.6114101697166627
m621,3.432077426844287
m623,2.0760641171002145
m624,
m626,1.7403674988778137
m627,3.4236909050187254
m628,3.8229588652203423
m63,2.650169755455872
m630,2.023851503108412
m631,1.816692862239005
m632,3.4358835599565243
m633,3.1983269109472814
m634,0.5997974052543757
m635,3.454383932128118
m637,2.35992444994854
m638,2.759015267886027
m639,2.379048151980996
m64,2.0682503658994436
m640,2.4559943087561473
m641,
m642,
m643,1.0760641171002145
m644,
m645,3.2493909837693673
m647,3.4766955130654025
m648,3.383883568216198
m649,3.7917450527344774
m65,1.8871822236901008
m650,3.277192474135343
m651,
m652,2.4073729526422745
m653,3.14803850084142
m655,
m656,2.2174134809559516
m657,
m658,
m659,3.2693616981467577
m66,1.5017226958915828
m660,0.8070480878251611
m661,3.377320739739503
m662,2.8138868365456204
m663,3.283825640614985
m664,2.5100090038649867
m665,3.269632752439218
m666,1.9219979597752932
m667,1.7420865813671607
m668,4.1427670035311355
m669,3.697128041853536
m67,2.437441857583839
m670,4.145194919187337
m671,3.5761991256428027
m672,
m673,2.536005474193868
m674,2.898658577147483
m678,4.149961622735078
m679,2.8070480878251614
m68,3.2312348874375054
m680,3.074165659950194
m681,3.428398639841199
m682,2.0300270115949592
m684,
m685,2.9286973084030583
m687,1.399696107881563
m688,2.146001852548998
m69,3.541536856780642
m690,0.6140961756503223
m691,2.902909656770491
m692,1.9084400748731083
m694,2.4807594529806636
m695,3.0215912560009994
m696,2.1820893823013234
m697,2.3305599569934086
m698,1.5440705922755547
m7,3.3208344111563965
m70,3.080077041315009
m700,3.154358086485321
m701,
m702,3.3110435795292363
m703,1.104163974156351
m704,1.9698679093924163
m705,3.5838421300404986
m706,0.4211442634754836
m707,2.9806259505439074
m708,3.366347717025824
m709,2.8707162030717894
m71,1.8950034457795737
m710,2.0474615232237037
m711,2.232693559734922
m712,2.8070480878251614
m714,3.7155428152454633
m715,3.3275734261141685
m716,2.2697696940664946
m717,
m718,3.0238649951604315
m719,2.73060009719657
m72,3.4220119637890507
m720,4.351641234510905
m722,3.5625763904873073
m724,2.9885125620529074
m725,2.5790474001035073
m726,2.6920213723667383
m728,3.6454888915602126
m729,2.2553312931086262
m73,3.683261836331527
m730,
m731,2.615322206094198
m732,2.115174983286952
m733,3.6716228920696357
m734,2.0760641171002145
m735,3.104037456358275
m736,3.109106295719065
m737,1.9069516496356533
m74,2.7797365558143117
m741,3.9851913482759165
m742,2.36420316858236
m743,2.344094568611179
m744,1.0760641171002145
m745,4.46957335159225
m746,3.731760550125869
m747,1.697620983778252
m748,3.0587977534000506
m749,1.6820893823013237
m75,1.3296613010098035
m750,4.4072053739791475
m751,2.8704992152575413
m753,2.8308878728768874
m754,2.201236507156044
m755,3.5061661584975856
m756,2.307048087825161
m757,3.3256553497214356
m758,
m759,3.845687749071104
m76,2.702875710967182
m760,3.1885317577881196
m761,2.6051932862095555
m762,2.072011634504536
m763,
m764,3.0541299149906154
m765,2.4736767981208043
m766,3.3856070716595568
m767,2.9032253074230585
m769,2.5915943824689935
m77,3.493600190449161
m771,3.3017650615382443
m774,
m775,2.4819337331030518
m776,1.7997720809111726
m778,3.887034577599651
m779,2.417709536248559
m78,2.967656407898509
m780,3.4582122953891243
m781,3.1752615105281685
m782,2.386251591276562
m783,3.1218657778876637
m784,2.6183468137305645
m785,3.3990950651260983
m786,3.031155220546986
m787,
m788,2.9277113331420264
m789,1.6140961756503223
m79,2.4223111777215003
m790,
m791,2.8070480878251614
m792,
m793,1.7592691138017356
m796,2.2664640719210425
m798,2.5719413698464613
m799,3.2398864099483573
m8,2.789618194700908
m80,3.6155732219932855
m800,4.011616663209514
m801,2.8950460471924844
m802,3.4025591586934283
m803,3.4501987188969805
m804,2.8540870724578657
m805,3.4915620909803295
m806,2.9491652781755007
m807,2.4060412181358526
m808,3.072147422969185
m809,2.3869109605305425
m81,2.99130305908747
m810,1.324403540963084
m811,3.3173047464056316
m813,2.210664660371127
m814,
m815,1.0760641171002148
m818,2.398014836007834
m82,3.6565800808027005
m820,1.9769660491643068
m821,0.6140961756503223
m823,1.800587086932402
m824,3.533483763230628
m826,
m827,
m828,2.577661990290354
m829,2.0967436646917776
m83,3.412319306416693
m830,2.8287195445032767
m831,3.4513267519556656
m832,3.4030054205200098
m833,1.9640804445695144
m834,1.020018007729973
m835,2.934636973735732
m836,2.5259909942944856
m837,3.3353692087017555
m838,3.798851366329913
m839,2.0295887933903813
m84,2.5688483983680688
m840,2.250549058036232
m841,2.8456384702601287
m842,2.4055915133846275
m843,
m844,2.90211284926077
m846,3.3971767130534656
m847,1.240064251493743
m848,3.268105542084276
m849,2.415128748947341
m85,3.2625688486579048
m850,3.3421910482643855
m851,3.338869593905253
m852,3.1469486762491585
m853,3.0760641171002145
m854,2.4791384811616908
m858,4.492519124342278
m859,
m86,3.2753474351721255
m860,3.104163974156351
m861,3.396124487152123
m862,3.3413093168127586
m863,3.00030526984456
m864,3.043683720549182
m865,
m866,3.7458052514652262
m867,1.7765235392623504
m868,
m869,2.8412669685640215
m87,1.9818437812230292
m870,1.8807679890333486
m872,
m874,2.118578294159099
m875,3.05772256692593
m876,2.3244863955318387
m877,2.837279941200271
m878,
m879,2.688645428226159
m88,2.7932470677922474
m880,2.086166108961685
m881,2.376487917017847
m882,2.4500775696522927
m884,
m885,2.198776181808767
m886,2.7396352076328445
m887,0.4211442634754836
m888,1.8572760072959962
m889,1.8070480878251611
m89,2.9594911301260614
m891,2.18201808439829
m892,3.721713424762355
m893,3.4603702397349374
m895,
m896,3.1275276265816343
m897,3.5738624966006367
m898,4.232966841867631
m899,4.220090970660749
m9,2.4544255885325272
m90,2.912276177282552
m900,3.7466602147917234
m901,3.4900934672579953
m902,3.8359560922483227
m903,4.22106022920012
m904,4.434538852898117
m905,4.1993055644396975
m906,3.978481967724805
m907,3.737716035136435
m908,4.344453971012032
m909,4.049543825657863
m910,4.244690344546866
m911,4.090685878484701
m912,4.373127367044037
m913,4.348976750777752
m914,4.086227592416435
m915,3.8744440986499527
m916,4.137116894257812
m917,3.4610214196125226
m918,3.651102352890742
m919,4.205607472753868
m92,2.1298822835858564
m920,3.9366749860409365
m921,3.8007538253418773
m922,4.424576417399346
m923,4.338133177777729
m924,4.019453949671327
m925,2.678343837842484
m926,4.174104281833071
m927,3.759869935033967
m928,4.123606789876256
m929,3.6115434677216647
m93,2.03648211312818
m930,4.224681437924329
m931,3.796706904835096
m932,3.8092230976785033
m933,4.026181363000852
m934,3.551091793761774
m935,3.3800775028965604
m936,3.9370698513451075
m937,3.428012833768802
m938,3.4648460413025886
m939,2.433545434356379
m94,3.584754841248061
m940,3.8817036597053276
m941,3.5400665086450513
m942,4.113749420151626
m943,3.854336551156872
m944,3.6065682426927888
m945,4.043363351638165
m946,3.6948317665226464
m947,3.9875741880666506
m948,3.5985324933662146
m949,3.8596868811175256
m95,2.7955253063030696
m950,4.1513848412161165
m951,4.169716758575495
m952,3.4955346756505774
m953,4.233358991112761
m954,4.159636112459901
m955,4.077452872141563
m956,3.2647090804749355
m957,2.8582901757831087
m958,2.93038721280878
m959,3.485981706355165
m96,3.4727145932473698
m960,2.8874698493816724
m961,2.998176278385891
m962,2.96187499256832
m963,3.2995588684159802
m964,3.125466692811194
m965,3.970136809378855
m966,3.5380320585501073
m967,2.8227343847733497
m968,3.5866718201230245
m969,4.202210204996288
m97,3.3820009119888303
m970,3.034908322989338
m971,3.9466205552523075
m972,2.6168148349757194
m973,3.7112529316107126
m974,3.38250675289874
m975,0.8070480878251611
m976,3.2920594041029303
m977,
m978,3.722064695702917
m98,1.5380320585501073
m980,1.7778078462300728
m981,1.300587086932402
m982,3.4741867320661086
m984,2.2941767443562693
m985,2.6820893823013234
m986,3.4727022500958618
m987,2.5995432106170475
m988,3.128849813909076
m989,
m99,3.19292658802747
m990,2.3247051284468805
m991,3.3939061899045417
m992,2.1320650122297273
m993,2.4618351551284583
m994,4.020004548736722
m996,2.7684932100228443
m997,2.9972883853657972
m998,2.796877165176427
m999,3.1765957048909734
